Pays,Notes_musees,NbVotes_musees_clean,Nb_prixNobel,Annee_souverainete,Nb_univTop500,Rang,Political regime,immigrationByCountry_immigrants,immigrationByCountry_emigrants,Primary,Lower secondary,Break 1,Break 2,Break 3,Break 4,Break 5,End of the school year break
Afghanistan,[4.5],[574.0],0.0,1919.0,0.0,,1.0,144098.0,5853838.0,,,,,,,,
Albania,"['4,1', '4,4', '4,6', '4,6', '4,4', '4,7', '4,7', '4,5', '4,1', '4,6', '4,4', '4,8', '4,3', '4,6', '4,9', '4,1', '4,7', '4,6', '4,6', '3,8', '5,0', '4,8', '4,5', '4,6', '4,4', '5,0']","[1000.0, 1000.0, 471.0, 1000.0, 3000.0, 259.0, 1000.0, 430.0, 58.0, 102.0, 148.0, 13.0, 183.0, 7000.0, 16.0, 208.0, 67.0, 31.0, 11.0, 15.0, 2.0, 40.0, 217.0, 348.0, 525.0, 3.0]",0.0,1912.0,0.0,,1.0,48810.0,1250451.0,,,,,,,,
Algeria,"['4,4', '4,6', '4,4', '4,3', '4,7', '4,6', '4,3', '4,4', '4,6', '4,3', '3,4', '4,5', '4,5', '4,4', '4,2', '4,2', '4,6', '4,0', '4,6', '4,5', '4,4', '4,5', '4,1', '4,1', '4,2', '4,3']","[250.0, 545.0, 790.0, 199.0, 170.0, 348.0, 240.0, 162.0, 131.0, 366.0, 22.0, 306.0, 85.0, 155.0, 42.0, 9.0, 136.0, 5.0, 41.0, 118.0, 97.0, 95.0, 10.0, 205.0, 188.0, 69.0]",2.0,1962.0,0.0,,1.0,250378.0,2022337.0,,,,,,,,
Andorra,"['4,5', '4,5', '4,6', '4,4', '4,5', '4,7', '4,8', '4,4', '4,7', '4,6', '4,6', '4,2', '4,9', '4,5', '4,6', '4,6', '4,4', '4,5', '3,9', '4,5', '4,2']","[383.0, 563.0, 153.0, 421.0, 193.0, 56.0, 128.0, 211.0, 82.0, 11.0, 56.0, 14.0, 43.0, 689.0, 80.0, 150.0, 9.0, 237.0, 478.0, 19.0, 255.0]",0.0,,0.0,,,45574.0,11132.0,,,,,,,,
Angola,"['4,8', '4,2', '4,1', '3,9', '4,3', '4,5', '4,0', '3,8', '4,0', '5,0', '5,0', '5,0', '3,5', '3,5', '4,0', '3,3', '3,8', '5,0', '4,2']","[4.0, 421.0, 191.0, 116.0, 423.0, 11.0, 261.0, 228.0, 55.0, 1.0, 1.0, 9.0, 13.0, 2.0, 1.0, 10.0, 5.0, 2.0, 126.0]",0.0,1975.0,0.0,,1.0,656434.0,668066.0,,,,,,,,
Antigua and Barbuda,['4.2'],[388.0],0.0,,0.0,,,,,,,,,,,,
Argentina,"['4,7', '4,7', '4,6', '4,7', '4,6', '4,6', '4,5', '4,7', '4,6', '4,5', '4,6', '4,5', '4,6', '4,6', '4,6', '4,6', '4,4', '4,7', '4,6', '4,3', '4,5', '4,6', '4,6', '4,5', '4,6', '4,7', '4,6']","[8000.0, 31000.0, 26000.0, 14000.0, 5000.0, 33000.0, 8000.0, 13000.0, 12000.0, 8000.0, 17000.0, 21000.0, 3000.0, 633.0, 11000.0, 33000.0, 20000.0, 12000.0, 14000.0, 4000.0, 10000.0, 14000.0, 926.0, 12000.0, 6000.0, 3000.0, 776.0]",5.0,1810.0,1.0,95.0,2.0,2281728.0,1076148.0,,,,,,,,
Armenia,"['4,4', '4,3', '4,5', '4,7', '4,7', '4,7', '4,6', '4,7', '4,6', '4,9', '4,8', '4,8', '4,7', '4,8', '4,9', '4,6', '4,6', '4,7', '4,6', '4,8', '4,8', '5,0', '4,5', '4,8', '4,7', '4,9', '4,9']","[768.0, 166.0, 332.0, 624.0, 106.0, 391.0, 279.0, 505.0, 382.0, 129.0, 66.0, 75.0, 1000.0, 44.0, 98.0, 280.0, 52.0, 32.0, 92.0, 60.0, 64.0, 111.0, 71.0, 113.0, 42.0, 116.0, 39.0]",1.0,1990.0,0.0,,2.0,190349.0,958190.0,,,,,,,,
Australia,"['4.6', '4.1', '4.5', '4.6', '4.6', '4.6', '4.6', '4.8', '4.6', '4.6', '4.7', '4.9', '4.7', '4.6', '4.6', '4.5', '4.4', '4.8', '4.5', '4.5', '4.5', '4.7', '4.7', '4.4', '4.6', '4.6']","[8000.0, 2000.0, 6000.0, 5000.0, 15000.0, 1000.0, 6000.0, 13000.0, 4000.0, 686.0, 2000.0, 806.0, 463.0, 1000.0, 3000.0, 1000.0, 11000.0, 1000.0, 5000.0, 2000.0, 10000.0, 2000.0, 12000.0, 2000.0, 27.0, 8000.0]",14.0,1901.0,27.0,202.0,3.0,7685860.0,598765.0,7000.0,4000.0,2.2,2.0,2.0,,,6.2
Austria,"['4,8', '4,8', '4,7', '4,6', '4,2', '4,7', '4,3', '4,6', '4,7', '4,7', '4,5', '4,5', '4,6', '4,6', '4,6', '4,6', '4,5', '4,4', '4,6', '4,4', '4,7', '4,7', '4,6', '4,7', '4,6', '4,6', '4,0']","[25000.0, 32000.0, 26000.0, 8140.0, 21000.0, 12000.0, 4678.0, 10000.0, 12000.0, 46000.0, 3714.0, 9205.0, 42000.0, 6639.0, 3087.0, 712.0, 8670.0, 2135.0, 8918.0, 29000.0, 13000.0, 65000.0, 1022.0, 2146.0, 1630.0, 7582.0, 4568.0]",25.0,1955.0,5.0,309.0,3.0,1738183.0,600740.0,2820.0,3720.0,1.2,2.0,1.0,1.2,,9.0
Azerbaijan,"['4,4', '4,3', '4,4', '4,5', '4,4', '4,6', '4,6', '4,7', '4,6', '4,3', '4,4', '4,5', '4,6', '4,5', '4,6', '4,7', '4,6', '4,5', '4,7', '4,5', '4,7', '4,4', '4,4', '3,7', '4,4', '4,5']","[285.0, 483.0, 2000.0, 278.0, 476.0, 217.0, 22.0, 10000.0, 46.0, 13.0, 63.0, 220.0, 414.0, 380.0, 108.0, 90.0, 71.0, 13.0, 6.0, 1000.0, 39.0, 10.0, 16.0, 36.0, 161.0, 18.0]",0.0,1991.0,0.0,,1.0,252228.0,1163922.0,,,,,,,,
Bahamas,"['4,4', '4,8', '4,4', '4,8', '4,7', '4,2', '4,1', '4,6', '4,7', '4,7', '4,8', '3,4', '4,4', '4,8', '4,8', '4,6', '5,0', '4,8', '4,9']","[60.0, 11.0, 1000.0, 28.0, 61.0, 9.0, 23.0, 373.0, 17.0, 205.0, 150.0, 8.0, 408.0, 5.0, 4.0, 19.0, 5.0, 13.0, 12.0]",0.0,1964.0,0.0,,,63583.0,53793.0,,,,,,,,
Bahrain,"[4.6, 4.5, 4.6, 4.7, 3.7, 5.0, 4.0]","[1000.0, 112.0, 790.0, 58.0, 10.0, 2.0, 157.0]",0.0,1971.0,0.0,,0.0,936094.0,58270.0,,,,,,,,
Bangladesh,"[4.5, 4.6, 4.6, 4.4, 4.4, 4.6, 4.5, 4.3, 4.4, 4.4, 4.5, 4.5, 4.4, 4.4, 4.3, 4.3, 4.4, 4.5, 4.3, 4.5, 4.4, 4.5, 4.5, 4.6, 4.4, 4.5]","[14000.0, 4000.0, 14000.0, 3000.0, 8000.0, 4000.0, 1000.0, 419.0, 811.0, 219.0, 2000.0, 947.0, 13000.0, 293.0, 946.0, 283.0, 17000.0, 361.0, 546.0, 254.0, 52.0, 2.0, 20.0, 68.0, 37.0, 799.0]",1.0,1971.0,0.0,,1.0,2115408.0,7401763.0,,,,,,,,
Barbados,['4.3'],[729.0],0.0,,0.0,,3.0,34869.0,99611.0,,,,,,,,
Belarus,"['4,7', '4,8', '4,5', '4,6', '4,6', '4,2', '4,5', '4,1', '4,8', '4,7', '4,4', '4,8', '4,3', '4,8', '4,6', '4,6', '4,6', '4,3', '4,7', '4,8', '4,6', '4,8', '4,8', '4,5', '4,5', '4,8']","[3000.0, 7000.0, 1000.0, 202.0, 4000.0, 195.0, 892.0, 436.0, 1000.0, 1000.0, 240.0, 12.0, 123.0, 2000.0, 589.0, 216.0, 1000.0, 122.0, 78.0, 13000.0, 138.0, 75.0, 14.0, 56.0, 2.0, 44.0]",3.0,1990.0,1.0,387.0,1.0,1067090.0,1483626.0,,,,,,,,
Belgium,"['4,5', '4,3', '4,5', '4,5', '4,5', '4,4', '4,4', '4,5', '4,6', '4,4', '4,6', '4,6', '4,5', '4,5', '4,1', '4,6', '4,5', '4,8', '4,4', '4,5', '4,3', '4,7', '4,2', '4,5', '4,6', '4,4', '4,6']","[8000.0, 6000.0, 17000.0, 6000.0, 12000.0, 2000.0, 5000.0, 2000.0, 5000.0, 88000.0, 3000.0, 9000.0, 5000.0, 296.0, 7000.0, 9000.0, 511.0, 168.0, 1000.0, 3000.0, 3000.0, 3000.0, 2000.0, 4000.0, 3000.0, 6000.0, 3000.0]",11.0,1830.0,7.0,217.0,3.0,2005479.0,577463.0,4942.0,1834.5,1.5,2.0,1.5,2.0,,7.9
Belize,['4.4'],[424.0],0.0,1981.0,0.0,,,62043.0,52756.0,,,,,,,,
Benin,"['4,3', '3,6', '3,9', '3,9', '3,9', '4,2', '4,2', '4,0', '3,8', '5,0', '4,2', '3,9', '3,0', '4,3']","[427.0, 106.0, 1000.0, 332.0, 335.0, 359.0, 6.0, 57.0, 84.0, 2.0, 292.0, 270.0, 7.0, 4.0]",0.0,,0.0,,1.0,394276.0,681827.0,,,,,,,,
Bermuda,"['4.6', '4.6', '4.3', '4.3', '4.7', '4.6', '4.6', '4.4', '4.8', '5.0', '4.9', '5.0']","[691.0, 8.0, 21.0, 12.0, 22.0, 34.0, 257.0, 8.0, 9.0, 6.0, 7.0, 5.0]",0.0,,0.0,,,19739.0,21107.0,,,,,,,,
Bhutan,"['4.3', '4.2', '4.4', '4.3', '4.4', '4.7', '4.4', '4.3']","[1000.0, 621.0, 943.0, 405.0, 33.0, 35.0, 7.0, 12.0]",0.0,,0.0,,2.0,53612.0,51998.0,,,,,,,,
Bolivia,"['4,6', '4,3', '4,4', '4,6', '4,7', '4,1', '4,1', '4,1', '4,3', '4,0', '4,1', '4,3', '4,7', '4,5', '4,3', '4,0', '4,2', '4,3', '4,3', '4,1', '4,5', '4,3', '4,5', '4,4', '4,4', '4,6', '3,7']","[448.0, 410.0, 499.0, 846.0, 2000.0, 29.0, 67.0, 49.0, 71.0, 107.0, 63.0, 130.0, 267.0, 2000.0, 193.0, 34.0, 2000.0, 214.0, 29.0, 225.0, 551.0, 203.0, 8.0, 183.0, 598.0, 700.0, 34.0]",0.0,1825.0,0.0,,0.0,164121.0,927244.0,,,,,,,,
Bosnia and Herzegovina,"['4,7', '4,2', '4,6', '4,7', '4,1', '4,8', '4,4', '4,6', '4,7', '4,8', '4,8', '5,0', '4,7', '4,7', '4,6', '4,5', '4,6', '4,5', '4,7', '4,7', '4,5', '4,8', '4,6', '4,7', '5,0', '4,5', '4,8']","[3000.0, 677.0, 203.0, 68.0, 64.0, 963.0, 507.0, 101.0, 1000.0, 159.0, 732.0, 20.0, 1000.0, 368.0, 110.0, 338.0, 309.0, 324.0, 795.0, 1000.0, 32.0, 180.0, 6000.0, 503.0, 3.0, 108.0, 465.0]",2.0,1992.0,0.0,,2.0,36042.0,1687639.0,,,,,,,,
Botswana,"['3.8', '3.9', '4.3', '2.9', '3.9', '4.1', '4.1']","[242.0, 34.0, 8.0, 7.0, 39.0, 36.0, 287.0]",0.0,1885.0,0.0,,3.0,110268.0,63561.0,,,,,,,,
Brazil,"['4,7', '4,8', '4,7', '4,7', '4,8', '4,6', '4,9', '4,8', '4,7', '4,8', '4,6', '4,8', '4,8', '4,7', '4,7', '4,5', '4,8', '4,8', '4,7', '4,8', '4,8', '4,7', '4,6', '4,8', '4,8', '4,7', '4,6']","[104000.0, 37000.0, 95000.0, 57000.0, 21000.0, 19000.0, 16000.0, 34000.0, 17000.0, 1000.0, 2000.0, 12000.0, 33000.0, 15000.0, 8000.0, 1000.0, 19000.0, 3000.0, 7000.0, 6000.0, 3000.0, 20000.0, 14.0, 42000.0, 8000.0, 3000.0, 2000.0]",1.0,1822.0,4.0,274.0,2.0,1079708.0,1897128.0,4000.0,3200.0,,,,,,
British Virgin Islands,"['4.7', '4.4', '5.0', '2.5', '3.8']","[26.0, 7.0, 1.0, 2.0, 5.0]",0.0,,0.0,,,22164.0,5355.0,,,,,,,,
Brunei,"['4,4', '4,0', '4,6', '3,8', '4,5', '3,8', '4,5', '3,0']","[821.0, 215.0, 33.0, 68.0, 49.0, 28.0, 2.0, 2.0]",0.0,1984.0,1.0,387.0,,,,,,,,,,,
Bulgaria,"['4,6', '4,4', '4,6', '4,6', '4,7', '4,5', '4,6', '4,7', '4,6', '4,1', '4,7', '4,5', '4,7', '4,6', '4,7', '4,7', '4,6', '4,7', '4,4', '4,6', '4,6', '4,5', '4,7', '4,6', '4,7', '4,7']","[3000.0, 4000.0, 3000.0, 1000.0, 4000.0, 1000.0, 3000.0, 1000.0, 3000.0, 1000.0, 14000.0, 547.0, 5000.0, 3000.0, 6000.0, 64.0, 1000.0, 763.0, 2000.0, 3000.0, 1000.0, 597.0, 5000.0, 904.0, 359.0, 628.0]",1.0,1878.0,0.0,,2.0,184363.0,1683626.0,2028.0,2207.0,1.2,1.2,,,,10.8
Burkina Faso,"['3,9', '1,0', '5,0', '4,0']","[217.0, 1.0, 2.0, 123.0]",0.0,1958.0,0.0,,2.0,723989.0,1599347.0,,,,,,,,
Burundi,"['4,4', '5,0', '4,8']","[35.0, 2.0, 8.0]",0.0,1962.0,0.0,,1.0,344767.0,551105.0,,,,,,,,
Cambodia,"['4.1', '4.6', '4.4', '4.6', '4.0', '4.8', '4.2', '4.3', '4.4', '4.7', '5.0', '4.2', '4.2', '4.4', '4.3', '4.6', '4.0', '4.3', '4.2', '4.3', '3.7', '3.7']","[5000.0, 10000.0, 4000.0, 754.0, 1000.0, 362.0, 212.0, 41.0, 82.0, 285.0, 176.0, 291.0, 578.0, 88.0, 36.0, 1000.0, 183.0, 74.0, 697.0, 313.0, 62.0, 65.0]",0.0,1953.0,0.0,,1.0,79341.0,1104819.0,,,,,,,,
Cameroon,"['4.0', '4.0', '3.9', '4.0', '4.6', '4.0', '4.1', '4.1', '3.9', '4.3', '4.1', '3.6', '4.0', '4.3', '3.8', '4.2', '1.0', '3.5', '4.8', '3.7', '3.6', '4.5', '5.0']","[1000.0, 525.0, 79.0, 24.0, 13.0, 286.0, 105.0, 149.0, 229.0, 9.0, 117.0, 39.0, 4.0, 536.0, 41.0, 5.0, 1.0, 2.0, 4.0, 3.0, 69.0, 2.0, 2.0]",0.0,1960.0,0.0,,1.0,579209.0,441015.0,,,,,,,,
Canada,"['4.6', '4.7', '4.6', '4.7', '4.7', '4.7', '4.6', '4.6', '4.7', '4.7', '4.8', '4.6', '4.7', '4.7', '4.7', '4.6', '4.7', '4.5', '4.5', '4.6', '4.6', '4.7', '4.7', '4.4', '4.6', '4.6', '4.6']","[11000.0, 8000.0, 4000.0, 34000.0, 11000.0, 8000.0, 2000.0, 9000.0, 5000.0, 1000.0, 12000.0, 6000.0, 2000.0, 16000.0, 14000.0, 7000.0, 5000.0, 6000.0, 5000.0, 2000.0, 2000.0, 3000.0, 2000.0, 14000.0, 4000.0, 4000.0, 1000.0]",27.0,1867.0,19.0,226.0,3.0,8049323.0,1292329.0,5531.0,2774.0,,,,,,
Cape Verde,"['4,8', '4,3', '4,0', '5,0', '4,3', '4,5', '4,2', '4,1', '4,3', '4,3', '3,0', '4,4', '4,0']","[147.0, 4.0, 117.0, 20.0, 48.0, 115.0, 41.0, 8.0, 84.0, 31.0, 4.0, 45.0, 85.0]",0.0,,0.0,,2.0,15788.0,187558.0,,,,,,,,
Cayman Islands,"['4.5', '4.6']","[232.0, 130.0]",0.0,,0.0,,,29242.0,1908.0,,,,,,,,
Central African Republic,"['4,8']",[5.0],0.0,1958.0,0.0,,1.0,88546.0,816668.0,,,,,,,,
Chad,"['4,2']",[130.0],0.0,1960.0,0.0,,1.0,547494.0,222303.0,,,,,,,,
Chile,"['4,7', '4,7', '4,6', '4,7', '4,6', '4,6', '4,7', '4,8', '4,5', '4,7', '4,6', '4,5', '4,7', '4,6', '4,6', '4,7', '4,4', '4,3', '4,5', '4,7', '4,8', '4,7', '4,8', '4,5', '4,6', '4,7', '4,5']","[12000.0, 11000.0, 13000.0, 17000.0, 4000.0, 15000.0, 8000.0, 3000.0, 1000.0, 5000.0, 3000.0, 795.0, 7000.0, 3000.0, 1000.0, 4000.0, 9000.0, 251.0, 5000.0, 3000.0, 1000.0, 2000.0, 1000.0, 985.0, 1000.0, 1000.0, 611.0]",2.0,1818.0,3.0,224.0,2.0,1645015.0,643800.0,6165.0,2132.0,,,,,,
China,"['4.3', '4.4', '4.6', '4.5', '4.3', '4.4', '4.6', '4.6', '4.3', '4.4', '4.3', '4.3', '4.2', '4.4', '4.4', '4.5', '4.3', '4.4', '4.3', '4.4', '4.2', '4.6', '4.1', '4.3', '4.4', '4.0']","[398.0, 925.0, 1000.0, 236.0, 154.0, 451.0, 38.0, 3551.0, 156.0, 14.0, 326.0, 455.0, 221.0, 573.0, 316.0, 82.0, 282.0, 37.0, 1149.0, 151.0, 1528.0, 101.0, 148.0, 6812.0, 7622.0, 610.0]",8.0,1368.0,29.0,289.0,0.0,1039675.0,10461170.0,,,,,,,,
Colombia,"['4,7', '4,8', '4,8', '4,6', '4,7', '4,2', '3,9', '4,7', '4,7', '4,7', '4,7', '4,6', '4,7', '4,6', '4,8', '4,6', '3,8', '4,5', '4,7', '4,7', '4,7', '4,8', '4,6', '4,6', '4,7', '4,5', '4,6']","[29000.0, 41000.0, 20000.0, 1000.0, 8000.0, 3000.0, 2000.0, 4000.0, 8000.0, 2000.0, 13000.0, 12000.0, 727.0, 5000.0, 1000.0, 4000.0, 61.0, 767.0, 2000.0, 1000.0, 2000.0, 1000.0, 685.0, 4000.0, 2000.0, 3000.0, 1000.0]",2.0,1810.0,3.0,257.0,2.0,1905393.0,3024273.0,5000.0,4800.0,1.0,3.0,1.0,,,7.2
Comoros,['4.5'],[12.0],0.0,1975.0,0.0,,1.0,12496.0,150823.0,,,,,,,,
Congo,"['4,1', '4,2', '4,4', '3,7', '4,3', '4,6']","[230.0, 1000.0, 9.0, 3.0, 87.0, 38.0]",1.0,1960.0,0.0,,1.0,952871.0,1832069.0,,,,,,,,
Congo,"['4,1', '4,2', '4,4', '3,7', '4,3', '4,6']","[230.0, 1000.0, 9.0, 3.0, 87.0, 38.0]",1.0,1884.0,0.0,,1.0,952871.0,1832069.0,,,,,,,,
Cook Islands,"['4.5', '4.8', '4.0', '4.4']","[103.0, 9.0, 32.0, 42.0]",0.0,,0.0,,,4579.0,21106.0,,,,,,,,
Costa Rica,"['4,7', '4,7', '4,7', '4,7', '4,7', '4,4', '4,6', '4,7', '4,7', '4,5', '4,6', '4,6', '4,5', '4,6', '4,5', '4,8', '4,7', '4,3', '4,7', '4,7', '4,6', '4,1', '4,7', '4,7', '4,7', '4,5']","[7000.0, 3000.0, 2000.0, 2000.0, 1000.0, 406.0, 7000.0, 949.0, 605.0, 44.0, 447.0, 3000.0, 49.0, 694.0, 531.0, 51.0, 101.0, 55.0, 129.0, 121.0, 779.0, 164.0, 13.0, 2000.0, 187.0, 50.0]",1.0,1821.0,0.0,,3.0,520729.0,150241.0,6880.0,3360.0,1.2,2.0,,,,7.6
Croatia,"['4,4', '4,7', '4,6', '4,8', '4,7', '4,5', '4,5', '4,8', '4,6', '4,3', '4,6', '4,8', '4,3', '4,5', '5,0', '4,8', '4,1', '4,5', '4,6', '4,7', '4,8', '4,3', '4,5', '4,8', '4,2', '4,7', '3,9']","[6000.0, 838.0, 1000.0, 1000.0, 1000.0, 466.0, 1000.0, 61.0, 6000.0, 96.0, 401.0, 9000.0, 7000.0, 2000.0, 68.0, 156.0, 2000.0, 2.0, 2000.0, 221.0, 738.0, 221.0, 481.0, 456.0, 1000.0, 501.0, 1000.0]",3.0,1991.0,0.0,,2.0,528056.0,1039526.0,1890.0,2651.0,2.0,1.0,1.4,,,10.4
Cuba,"['4.5', '4.3', '4.1', '4.7', '4.7', '4.3', '4.5', '4.2', '4.2', '4.3', '4.1', '4.8', '3.8', '4.6', '4.5', '4.5', '4.4', '4.6', '5.0', '4.5', '4.7', '5.0', '4.3', '4.2', '4.4', '2.5']","[512.0, 877.0, 32.0, 17.0, 64.0, 67.0, 582.0, 91.0, 47.0, 51.0, 40.0, 19.0, 22.0, 190.0, 99.0, 364.0, 5.0, 499.0, 2.0, 15.0, 3.0, 1.0, 7.0, 49.0, 17.0, 2.0]",0.0,1898.0,0.0,,0.0,3024.0,1757300.0,,,,,,,,
Cyprus,"['4,6', '4,6', '4,3', '4,3', '4,7', '4,4', '4,8', '4,6', '4,1', '4,7', '4,3', '5,0', '3,8', '4,9', '4,8', '4,3', '4,5', '4,7', '4,9', '4,6', '4,7', '4,8', '3,9', '4,5', '4,7', '4,2']","[1000.0, 459.0, 52.0, 601.0, 352.0, 795.0, 168.0, 91.0, 361.0, 115.0, 31.0, 13.0, 141.0, 522.0, 22.0, 149.0, 71.0, 764.0, 7.0, 52.0, 79.0, 45.0, 60.0, 6.0, 3.0, 149.0]",1.0,1960.0,1.0,368.0,3.0,190366.0,173210.0,,,,,,,,
Czech Republic,"['4,5', '4,6', '4,1', '4,6', '4,1', '4,3', '4,2', '4,6', '4,2', '4,1', '4,6', '4,2', '4,8', '4,3', '4,8', '4,7', '4,9', '4,6', '4,5', '4,8', '4,2', '4,8', '4,3', '4,4', '4,5', '4,6']","[33000.0, 1000.0, 6000.0, 16000.0, 6000.0, 1000.0, 5000.0, 5000.0, 11000.0, 5000.0, 1000.0, 6000.0, 4000.0, 1000.0, 1000.0, 322.0, 842.0, 10000.0, 2000.0, 664.0, 3000.0, 2000.0, 319.0, 509.0, 426.0, 1000.0]",6.0,1918.0,0.0,,,540921.0,1026108.0,3434.0,3550.0,0.6,0.2,1.4,1.0,0.6,9.0
Denmark,"['4,5', '4,3', '4,6', '4,5', '4,7', '4,6', '4,2', '4,5', '4,4', '4,4', '4,6', '4,6', '4,1', '4,5', '4,3', '4,5', '4,5', '4,5', '4,4', '4,5', '4,3', '4,4', '4,7', '4,7', '4,4', '4,5', '4,5']","[11000.0, 5000.0, 11000.0, 4000.0, 9000.0, 13000.0, 1000.0, 12000.0, 2000.0, 2000.0, 2000.0, 17000.0, 5000.0, 2000.0, 4000.0, 2000.0, 9000.0, 1000.0, 1000.0, 1000.0, 2000.0, 2000.0, 2000.0, 11000.0, 1000.0, 90.0, 570.0]",14.0,958.0,5.0,207.0,3.0,717574.0,257025.0,7000.0,3600.0,1.0,1.6,1.0,1.2,,6.0
Djibouti,"['4,0', '5,0', '4,2', '5,0', '5,0', '5,0', '5,0']","[3.0, 8.0, 109.0, 4.0, 4.0, 1.0, 2.0]",0.0,1977.0,0.0,,1.0,119738.0,18365.0,,,,,,,,
Dominica,['4.3'],[65.0],0.0,,0.0,,,8284.0,78191.0,,,,,,,,
Dominican Republic,"['4.6', '4.1', '4.8', '4.6', '4.3', '4.4', '4.5', '4.6', '4.6', '4.3', '4.3', '4.4', '4.6', '4.5', '4.7', '4.6', '4.7', '4.2', '4.6', '4.7', '4.6', '4.7', '4.6', '4.4', '4.7', '3.8', '4.5']","[1000.0, 613.0, 4000.0, 912.0, 5000.0, 628.0, 1000.0, 164.0, 453.0, 341.0, 1000.0, 146.0, 227.0, 1000.0, 2000.0, 144.0, 1000.0, 48.0, 960.0, 469.0, 1000.0, 152.0, 682.0, 35.0, 2000.0, 70.0, 135.0]",0.0,1865.0,0.0,,2.0,603794.0,1608567.0,,,,,,,,
Ecuador,"['4,6', '4,7', '4,7', '4,6', '4,6', '4,8', '4,7', '4,4', '4,6', '4,6', '4,7', '4,5', '4,5', '4,7', '4,7', '4,4', '4,5', '4,5', '4,7', '4,7', '4,9', '4,4', '4,5', '4,6', '4,7', '4,7', '4,6']","[1000.0, 2000.0, 2000.0, 1000.0, 638.0, 885.0, 1000.0, 2000.0, 3000.0, 1000.0, 93.0, 685.0, 262.0, 3000.0, 1000.0, 336.0, 194.0, 154.0, 1000.0, 62.0, 294.0, 83.0, 74.0, 129.0, 1000.0, 535.0, 376.0]",0.0,,0.0,,2.0,784787.0,1127891.0,,,,,,,,
Egypt,"[4.5, 4.4, 4.7, 4.6, 4.6, 4.3, 4.6, 4.5, 4.5, 4.4, 4.5, 4.6, 4.6, 4.4, 4.3, 4.5, 4.3, 4.6, 4.4, 4.6, 4.4, 4.4, 4.6, 4.5, 4.5, 4.2, 4.1]","[51000.0, 3000.0, 21000.0, 1000.0, 3000.0, 793.0, 7000.0, 11000.0, 5000.0, 2000.0, 1000.0, 6000.0, 7000.0, 957.0, 378.0, 1000.0, 377.0, 537.0, 1000.0, 662.0, 8000.0, 1000.0, 169.0, 141.0, 90.0, 1000.0, 108.0]",4.0,1953.0,2.0,393.0,1.0,543937.0,3610461.0,,,,,,,,
El Salvador,"['4.7', '4.6', '4.7', '4.7', '4.6', '4.5', '4.4', '4.8', '4.6', '4.7', '4.4', '4.5', '4.6', '4.3', '4.5', '4.5', '4.5', '4.6', '4.6', '4.6', '4.7', '4.8', '4.4', '4.5', '2.9']","[2000.0, 1000.0, 132.0, 295.0, 2000.0, 3000.0, 109.0, 128.0, 113.0, 703.0, 1000.0, 227.0, 76.0, 125.0, 1000.0, 228.0, 15.0, 161.0, 1000.0, 3000.0, 376.0, 107.0, 63.0, 892.0, 123.0]",0.0,1821.0,0.0,,2.0,42767.0,1599058.0,,,,,,,,
Eritrea,['3.9'],[29.0],0.0,1993.0,0.0,,0.0,13934.0,802822.0,,,,,,,,
Estonia,"['4,7', '4,6', '4,7', '4,7', '4,9', '4,6', '4,5', '4,5', '4,8', '4,6', '4,6', '4,5', '4,6', '4,5', '4,7', '4,8', '4,7', '4,8', '4,7', '4,8', '4,7', '4,6', '4,6', '4,6', '4,7', '4,7', '4,8']","[5000.0, 4000.0, 5000.0, 1000.0, 95.0, 6000.0, 1000.0, 661.0, 1000.0, 126.0, 238.0, 1000.0, 3000.0, 751.0, 1000.0, 9000.0, 642.0, 503.0, 367.0, 272.0, 621.0, 635.0, 317.0, 1000.0, 5000.0, 267.0, 15000.0]",0.0,1991.0,1.0,358.0,3.0,199277.0,206631.0,3964.0,2468.0,1.0,2.4,1.0,1.0,,11.2
Eswatini,"['4.1', '3.2']","[65.0, 5.0]",0.0,1968.0,0.0,,0.0,32858.0,50039.0,,,,,,,,
Ethiopia,"['4.2', '4.3', '4.1', '4.1', '4.4', '4.3', '4.7', '4.4', '5.0', '4.4', '4.8']","[1000.0, 223.0, 144.0, 34.0, 356.0, 45.0, 154.0, 31.0, 6.0, 92.0, 5.0]",1.0,1941.0,0.0,,1.0,1085517.0,946129.0,,,,,,,,
Fiji,['4.1'],[663.0],0.0,1970.0,0.0,,1.0,14087.0,233856.0,,,,,,,,
Finland,"['4,2', '4,5', '4,2', '3,7', '4,4', '4,6', '4,5', '4,4', '4,4', '4,4', '4,6', '4,5', '4,5', '4,6', '4,4', '4,2', '4,3', '4,4', '4,6', '4,2', '4,6', '4,4', '4,6', '4,6', '4,5', '4,6', '4,5']","[7000.0, 7000.0, 3000.0, 382.0, 3000.0, 5000.0, 2000.0, 8000.0, 1000.0, 2000.0, 5000.0, 1000.0, 8000.0, 2000.0, 1000.0, 520.0, 2000.0, 1000.0, 3000.0, 556.0, 1000.0, 6000.0, 1000.0, 468.0, 1000.0, 1000.0, 1000.0]",5.0,1917.0,7.0,298.0,3.0,386052.0,311889.0,3962.0,2423.0,1.0,1.8,0.8,,,9.8
France,"['4,7', '4,5', '3,3', '4,6', '4,7', '4,5', '4,6', '4,6', '4,4', '4,4', '4,4', '4,5', '4,6', '4,6', '4,7', '4,5', '4,3', '4,6', '4,6', '4,6', '4,5', '4,5', '4,6', '4,6', '4,3', '4,7', '4,7']","[309000.0, 6000.0, 3.0, 13000.0, 88000.0, 1000.0, 23000.0, 17000.0, 20000.0, 5000.0, 4000.0, 212.0, 17000.0, 17000.0, 17000.0, 4000.0, 12000.0, 11000.0, 3000.0, 18000.0, 9000.0, 1000.0, 6000.0, 6000.0, 6000.0, 10.0, 12000.0]",75.0,843.0,16.0,265.0,3.0,8524876.0,2341908.0,4320.0,3872.0,2.0,2.2,2.0,2.2,,8.0
Gabon,"['4,2', '3,6']","[161.0, 53.0]",0.0,1960.0,0.0,,1.0,416651.0,48392.0,,,,,,,,
Gambia,"['3.8', '4.0', '4.6', '4.3']","[144.0, 52.0, 25.0, 82.0]",0.0,1965.0,0.0,,2.0,,,,,,,,,,
Georgia,"['4,5', '4,6', '4,6', '4,8', '4,5', '4,8', '4,8', '4,4', '4,9', '4,6', '4,6', '4,2', '4,7', '4,3', '4,7', '4,7', '4,1', '4,8', '4,5', '4,6', '4,6', '4,4', '4,1', '4,5', '4,2', '4,3']","[5000.0, 1000.0, 2000.0, 622.0, 265.0, 165.0, 676.0, 1000.0, 3000.0, 1000.0, 651.0, 790.0, 1000.0, 715.0, 182.0, 1000.0, 5000.0, 523.0, 360.0, 909.0, 538.0, 638.0, 122.0, 133.0, 291.0, 110.0]",0.0,1991.0,0.0,,2.0,79368.0,861077.0,,,,,,,,
Germany,"['4,5', '4,5', '4,5', '4,6', '4,3', '4,8', '4,7', '4,6', '4,3', '4,7', '4,6', '4,6', '4,7', '4,8', '4,6', '4,6', '4,7', '4,7', '4,3', '4,3', '4,6', '4,6', '4,3', '4,6', '4,8', '4,6', '4,5']","[33000.0, 9507.0, 11000.0, 21000.0, 15000.0, 41000.0, 6326.0, 35000.0, 21000.0, 48000.0, 9464.0, 4143.0, 1350.0, 84000.0, 6978.0, 16000.0, 31000.0, 26000.0, 514.0, 35000.0, 6517.0, 34000.0, 15000.0, 14000.0, 7364.0, 8992.0, 29000.0]",115.0,962.0,30.0,278.0,3.0,15762457.0,3855268.0,2896.0,4480.0,1.0,1.4,1.2,,,6.0
Ghana,"['4.0', '4.0', '3.8', '3.5', '4.4', '4.4', '4.2', '4.9', '4.4', '4.0', '4.4', '4.2', '3.8', '4.3', '5.0']","[983.0, 514.0, 435.0, 206.0, 2000.0, 2000.0, 292.0, 132.0, 63.0, 3.0, 988.0, 78.0, 134.0, 385.0, 1.0]",1.0,1957.0,0.0,,3.0,476412.0,1004324.0,,,,,,,,
Greece,"['4,6', '4,7', '4,7', '4,7', '4,7', '4,7', '4,7', '4,6', '4,7', '4,7', '4,3', '4,5', '4,8', '4,7', '4,6', '4,8', '4,9', '4,4', '4,6', '4,5', '4,9', '4,7', '4,7', '4,8', '4,3', '4,8', '4,7']","[28000.0, 5000.0, 62000.0, 6000.0, 28000.0, 3000.0, 3000.0, 4000.0, 11000.0, 5000.0, 5000.0, 4000.0, 2000.0, 2000.0, 1000.0, 71.0, 1000.0, 2000.0, 3000.0, 2000.0, 775.0, 813.0, 2000.0, 107.0, 845.0, 218.0, 2000.0]",2.0,1822.0,2.0,396.0,2.0,1340456.0,1088507.0,4483.0,2433.0,2.0,2.8,,,,12.2
Greenland,"['4,5', '4,3', '4,1', '4,5', '4,8', '4,0', '4,1', '4,2', '3,8', '4,3', '5,0', '4,5', '4,2', '4,3', '4,5', '4,0', '4,4']","[282.0, 197.0, 11.0, 33.0, 43.0, 18.0, 9.0, 28.0, 16.0, 26.0, 8.0, 85.0, 38.0, 18.0, 6.0, 59.0, 12.0]",0.0,,0.0,,,5899.0,17866.0,,,,,,,,
Grenada,"['4.1', '4.2', '4.5', '4.2']","[58.0, 12.0, 13.0, 114.0]",0.0,,0.0,,,7213.0,62204.0,,,,,,,,
Guatemala,"['4.6', '4.6', '4.1', '4.6', '4.2', '4.6', '4.7', '4.6', '4.7', '4.6', '4.7', '4.8', '4.6', '4.7', '4.8', '4.5', '4.6', '3.8', '4.6', '4.1']","[673.0, 3000.0, 184.0, 269.0, 26.0, 422.0, 15.0, 1000.0, 763.0, 1000.0, 108.0, 115.0, 1000.0, 235.0, 91.0, 405.0, 1000.0, 23.0, 38.0, 10.0]",2.0,1821.0,0.0,,2.0,84311.0,1368431.0,,,,,,,,
Guinea,"['3,8', '5,0', '4,6']","[103.0, 1.0, 12.0]",0.0,1958.0,0.0,,1.0,121437.0,550790.0,,,,,,,,
Guyana,"['4.3', '4.6', '5.0', '4.3']","[213.0, 8.0, 3.0, 23.0]",0.0,1966.0,0.0,,2.0,31169.0,438413.0,,,,,,,,
Haiti,"['4,3', '5,0', '4,3', '4,4', '3,9', '4,0', '1,0']","[635.0, 1.0, 189.0, 69.0, 39.0, 50.0, 1.0]",0.0,1804.0,0.0,,1.0,18884.0,1769671.0,,,,,,,,
Honduras,"['4.5', '4.5', '4.5', '4.6', '4.6', '4.7', '4.6', '4.7', '4.7', '4.0', '4.5', '4.7', '4.7', '4.8', '4.3', '4.0', '5.0']","[1000.0, 685.0, 1000.0, 195.0, 455.0, 2000.0, 1000.0, 45.0, 47.0, 81.0, 306.0, 7.0, 34.0, 39.0, 249.0, 93.0, 1.0]",0.0,1821.0,0.0,,1.0,39195.0,985077.0,,,,,,,,
Hong Kong,"['4.4', '4.3', '4.4', '4.2', '4.4', '4.3', '4.1', '4.2', '4.2', '4.3', '4.2', '4.0', '4.0', '4.1', '4.3', '3.9', '4.2', '3.8', '3.8', '4.0', '4.3', '4.2', '4.1', '4.2', '3.7', '4.0']","[3030.0, 6812.0, 7622.0, 615.0, 2298.0, 2922.0, 3322.0, 1528.0, 6073.0, 1517.0, 1739.0, 725.0, 610.0, 758.0, 3895.0, 332.0, 359.0, 482.0, 628.0, 126.0, 184.0, 1218.0, 651.0, 48.0, 289.0, 86.0]",1.0,,5.0,99.0,0.0,2962491.0,1007788.0,,,,,,,,
Hungary,"['4,5', '4,7', '4,7', '4,1', '4,6', '4,5', '4,6', '4,1', '4,8', '4,8', '4,4', '4,9', '4,9', '4,6', '4,3', '4,5', '4,4', '4,4', '4,6', '4,7', '4,2', '4,7', '4,7', '4,2', '4,5', '4,7', '4,6']","[11000.0, 13000.0, 8000.0, 19000.0, 1000.0, 6000.0, 7000.0, 3000.0, 2000.0, 15.0, 1000.0, 362.0, 1000.0, 916.0, 3000.0, 2000.0, 479.0, 651.0, 753.0, 588.0, 1000.0, 937.0, 1000.0, 1000.0, 497.0, 10000.0, 346.0]",15.0,1991.0,0.0,,1.0,584567.0,714420.0,2718.0,3212.0,2.4,0.8,,,,10.8
Iceland,"['4,5', '4,2', '4,5', '4,2', '4,3', '4,6', '4,5', '4,2', '4,4', '4,4', '4,2', '4,4', '4,2', '4,2', '4,6', '4,6', '4,4', '4,7', '4,1', '4,7', '4,5', '4,8', '4,4', '4,5', '4,9', '4,6', '4,4']","[3000.0, 3000.0, 8000.0, 2000.0, 834.0, 881.0, 728.0, 1000.0, 1000.0, 1000.0, 1000.0, 3000.0, 785.0, 639.0, 1000.0, 1000.0, 1000.0, 518.0, 535.0, 641.0, 1000.0, 195.0, 1000.0, 249.0, 166.0, 333.0, 357.0]",1.0,1944.0,0.0,,3.0,65424.0,43251.0,5100.0,2516.0,1.6,1.2,,,,10.0
India,"['4.6', '4.5', '4.4', '4.6', '4.6', '4.3', '4.5', '4.4', '4.5', '4.3', '4.2', '4.4', '4.5', '4.6', '4.7', '4.5', '4.5', '4.6', '4.4', '4.4', '4.6', '4.5', '4.3', '4.4', '4.4', '4.3', '3.9']","[18000.0, 49000.0, 69000.0, 34000.0, 74000.0, 1000.0, 89000.0, 24000.0, 63000.0, 16000.0, 6000.0, 51000.0, 5000.0, 17000.0, 13000.0, 883.0, 906.0, 48000.0, 21000.0, 3000.0, 15000.0, 13000.0, 8000.0, 11000.0, 16000.0, 5000.0, 262.0]",10.0,1947.0,11.0,311.0,1.0,4878704.0,17869492.0,,,,,,,,
Indonesia,"['4,7', '4,5', '4,5', '4,6', '4,3', '4,7', '4,6', '4,7', '4,5', '4,3', '4,7', '4,7', '4,7', '4,5', '4,6', '4,3', '4,6', '4,2', '4,6', '4,5', '4,6', '4,5', '4,4', '4,6', '4,7', '4,7', '3,2']","[1000.0, 157000.0, 19.0, 22000.0, 205.0, 9000.0, 263.0, 54000.0, 2000.0, 1000.0, 2000.0, 1000.0, 10000.0, 4000.0, 15000.0, 1000.0, 11000.0, 241.0, 14000.0, 3000.0, 1000.0, 3000.0, 376.0, 1000.0, 15000.0, 9000.0, 11.0]",0.0,1945.0,5.0,323.0,2.0,355505.0,4601369.0,,,,,,,,
Iran,"[4.5, 4.6, 4.6, 4.5, 4.6, 4.6, 4.6, 4.5, 4.6, 4.6, 4.3, 4.2, 4.4, 4.4, 4.4, 4.4, 4.5, 4.7, 4.4, 4.4, 4.6, 4.6, 4.7, 4.5, 4.2, 4.1]","[2000.0, 64.0, 999.0, 293.0, 5000.0, 579.0, 331.0, 874.0, 1000.0, 3000.0, 418.0, 973.0, 945.0, 502.0, 250.0, 408.0, 835.0, 21.0, 651.0, 356.0, 1000.0, 742.0, 103.0, 309.0, 77.0, 352.0]",2.0,1477.0,4.0,380.0,1.0,2797235.0,1325113.0,,,,,,,,
Iraq,"[4.5, 4.1, 4.3, 4.4, 4.3, 4.3, 4.4, 4.4, 4.2, 4.4, 4.3, 4.1, 4.2, 4.0, 4.2, 3.9, 4.5, 4.6, 3.8]","[1000.0, 325.0, 327.0, 375.0, 165.0, 59.0, 457.0, 451.0, 502.0, 536.0, 171.0, 378.0, 291.0, 2.0, 152.0, 363.0, 948.0, 467.0, 85.0]",1.0,1932.0,0.0,,1.0,365766.0,2077976.0,,,,,,,,
Ireland,[],[],11.0,1919.0,6.0,282.0,3.0,871256.0,734317.0,5415.0,2755.0,1.0,2.0,2.2,,,8.8
Israel,"['4.7', '4.2', '4.3', '4.7', '4.4', '4.5', '4.4', '4.5', '4.7', '4.8', '4.4', '4.8', '4.5', '4.8', '3.9', '4.5', '4.5', '4.5', '4.5', '4.5']","[16000.0, 1000.0, 399.0, 1000.0, 5000.0, 1000.0, 2000.0, 1000.0, 1000.0, 1000.0, 205.0, 15000.0, 3000.0, 19.0, 30.0, 15000.0, 233.0, 97.0, 125.0, 86.0]",13.0,1948.0,4.0,332.0,3.0,1953575.0,358691.0,5511.0,2929.0,,,,,,
Italy,"['4,7', '4,6', '4,7', '4,6', '4,7', '4,7', '4,7', '4,6', '4,7', '4,6', '4,6', '4,6', '4,6', '4,7', '4,6', '4,7', '4,7', '4,6', '4,6', '4,7', '4,6', '4,7', '4,5', '4,6', '4,5', '4,8', '4,6']","[73000.0, 22000.0, 29000.0, 47000.0, 21000.0, 15000.0, 27000.0, 7559.0, 51000.0, 29000.0, 42000.0, 16000.0, 5011.0, 84000.0, 1089.0, 75000.0, 20000.0, 9145.0, 5815.0, 2774.0, 5634.0, 2209.0, 2604.0, 166000.0, 2329.0, 10000.0, 4996.0]",21.0,1945.0,14.0,317.0,3.0,6386998.0,3258831.0,4521.0,2970.0,2.0,0.8,,,,13.0
Ivory Coast,"['3,9', '4,0', '3,8', '4,4', '3,9']","[764.0, 564.0, 565.0, 76.0, 8.0]",0.0,1958.0,0.0,,,2564857.0,1149298.0,,,,,,,,
Jamaica,"['4.1', '4.5', '4.0', '4.4', '4.3', '4.5', '4.1', '3.9', '4.4', '4.6', '5.0', '4.2', '4.0', '4.3', '4.5', '4.4', '4.6', '4.5', '4.2', '4.1', '5.0', '4.4', '4.4', '4.4', '4.4', '4.9', '4.0']","[59.0, 4000.0, 48.0, 638.0, 382.0, 148.0, 364.0, 7.0, 79.0, 86.0, 2.0, 117.0, 140.0, 120.0, 8.0, 8.0, 3000.0, 1000.0, 5.0, 16.0, 3.0, 43.0, 47.0, 47.0, 31.0, 176.0, 28.0]",0.0,1962.0,0.0,,3.0,23629.0,1118931.0,,,,,,,,
Japan,"['4.5', '4.3', '4.4', '4.3', '4.5', '4.5', '4.5', '3.8', '4.0', '4.6', '4.4', '4.7', '4.4', '4.3', '4.4', '4.4', '4.4', '4.5', '4.5', '4.4', '4.4', '4.2', '4.5', '4.5', '4.4', '4.4', '4.6']","[2000.0, 5816.0, 1000.0, 1000.0, 1000.0, 8105.0, 1000.0, 1000.0, 1722.0, 1000.0, 1327.0, 1000.0, 882.0, 76.0, 4201.0, 3209.0, 3456.0, 4587.0, 1000.0, 596.0, 9137.0, 1000.0, 8255.0, 556.0, 1000.0, 3309.0, 327.0]",29.0,1952.0,15.0,236.0,3.0,2770996.0,808825.0,4669.0,2669.0,,,,,,
Jordan,"[4.7, 4.4, 4.7, 4.6, 4.4, 4.7, 4.4, 4.7, 4.2, 4.8, 4.6, 4.9, 4.5, 3.8, 4.2, 4.0, 4.6, 4.2, 4.3, 4.3, 4.4, 4.5, 4.6, 4.6, 4.3, 4.6, 4.0]","[7000.0, 434.0, 779.0, 2000.0, 136.0, 4000.0, 982.0, 2000.0, 186.0, 382.0, 672.0, 820.0, 976.0, 546.0, 2000.0, 319.0, 454.0, 5.0, 793.0, 504.0, 5000.0, 19000.0, 75.0, 102.0, 538.0, 379.0, 233.0]",0.0,1946.0,0.0,,0.0,3457691.0,814909.0,,,,,,,,
Kazakhstan,"['4,6', '4,3', '4,5', '4,6', '4,7', '4,6', '4,8', '4,7', '3,4', '4,9', '4,4', '4,7', '4,4', '4,6', '4,5', '4,4', '4,6', '4,7', '4,7']","[3000.0, 2000.0, 651.0, 342.0, 359.0, 252.0, 1000.0, 2000.0, 12.0, 9.0, 52.0, 157.0, 419.0, 1000.0, 1000.0, 156.0, 337.0, 1000.0, 235.0]",0.0,1991.0,3.0,355.0,1.0,3732073.0,4203899.0,,,,,,,,
Kenya,[],[],1.0,1963.0,0.0,,1.0,1050147.0,535348.0,,,,,,,,
Kiribati,['4.0'],[1.0],0.0,1979.0,0.0,,,3126.0,5103.0,,,,,,,,
Kuwait,"[4.1, 4.5, 4.5, 4.6, 4.3, 4.2, 4.4, 4.4, 4.9, 4.6, 4.6, 4.5, 4.0, 4.0, 4.4, 4.4, 4.3, 4.4, 4.2, 4.4, 4.3, 3.5, 4.2, 3.7]","[793.0, 190.0, 142.0, 5000.0, 49.0, 160.0, 359.0, 370.0, 20.0, 15000.0, 1000.0, 1000.0, 81.0, 47.0, 456.0, 85.0, 131.0, 116.0, 20.0, 8.0, 455.0, 4.0, 80.0, 74.0]",0.0,1991.0,0.0,,1.0,3110159.0,212271.0,,,,,,,,
Kyrgyzstan,[],[],0.0,,0.0,,1.0,199011.0,774377.0,,,,,,,,
Laos,[],[],0.0,1949.0,0.0,,0.0,48731.0,1296051.0,,,,,,,,
Latvia,"['4,7', '4,3', '4,6', '4,4', '4,6', '4,6', '4,4', '4,8', '4,5', '4,6', '4,6', '4,6', '4,5', '4,4', '4,6', '4,5', '4,7', '4,7', '4,7', '4,7', '4,0', '4,6', '4,7', '4,6', '4,6', '4,5', '4,6']","[4000.0, 1000.0, 5000.0, 776.0, 3000.0, 1000.0, 2000.0, 9000.0, 1000.0, 1000.0, 1000.0, 90.0, 1000.0, 1000.0, 250.0, 248.0, 391.0, 278.0, 133.0, 11000.0, 689.0, 1000.0, 830.0, 34.0, 8000.0, 2000.0, 1000.0]",1.0,1918.0,0.0,,3.0,239422.0,380010.0,3506.0,2334.0,1.0,2.0,1.0,,,13.2
Lebanon,"[4.6, 4.8, 4.6, 4.6, 4.4, 4.6, 4.5, 4.6, 4.5, 4.1, 4.7, 4.5, 4.7, 3.9, 4.7, 4.5, 3.8, 4.3, 4.5, 4.8, 4.7, 4.8, 5.0, 4.9, 4.0, 4.1, 4.8]","[2000.0, 620.0, 1000.0, 137.0, 451.0, 105.0, 703.0, 356.0, 132.0, 63.0, 71.0, 608.0, 84.0, 283.0, 141.0, 33.0, 172.0, 25.0, 4.0, 60.0, 1000.0, 4.0, 1.0, 267.0, 61.0, 16.0, 6.0]",1.0,1941.0,1.0,226.0,1.0,1712762.0,856814.0,,,,,,,,
Lesotho,"['4.2', '4.5', '4.0', '4.5', '2.8']","[34.0, 6.0, 8.0, 2.0, 4.0]",0.0,1966.0,0.0,,2.0,12060.0,202164.0,,,,,,,,
Liberia,['4.1'],[102.0],2.0,1847.0,0.0,,2.0,87947.0,233564.0,,,,,,,,
Libya,[],[],0.0,1951.0,0.0,,0.0,826537.0,185518.0,,,,,,,,
Liechtenstein,"['4.6', '4.3', '3.7', '4.3', '4.2', '4.3', '4.2', '4.4', '4.8', '4.5', '4.8', '4.7']","[280.0, 645.0, 64.0, 260.0, 17.0, 22.0, 18.0, 31.0, 11.0, 6.0, 9.0, 11.0]",0.0,1813.0,0.0,,,25877.0,3706.0,,,,,,,,
Lithuania,"['4,5', '4,5', '4,6', '4,7', '4,8', '4,5', '4,5', '4,7', '4,3', '4,8', '4,7', '4,7', '4,7', '4,6', '4,6', '4,8', '4,7', '4,8', '4,4', '4,6', '4,7', '4,7', '4,5', '4,6', '4,7', '4,9', '4,6']","[1000.0, 245.0, 4000.0, 9000.0, 1000.0, 6000.0, 419.0, 14000.0, 1000.0, 494.0, 2000.0, 6000.0, 385.0, 3000.0, 2000.0, 2000.0, 8000.0, 183.0, 307.0, 377.0, 2000.0, 800.0, 166.0, 463.0, 596.0, 225.0, 1000.0]",3.0,1918.0,1.0,473.0,2.0,145184.0,658057.0,2576.0,5053.0,1.0,2.0,1.0,1.0,,12.0
Luxembourg,"['4,6', '4,6', '4,6', '4,5', '4,2', '4,6', '4,5', '4,2', '4,4', '3,8', '4,8', '4,7', '4,4', '4,6', '4,9', '5,0', '4,3', '3,3']","[1000.0, 1000.0, 1000.0, 628.0, 2000.0, 307.0, 575.0, 342.0, 63.0, 6.0, 2000.0, 48.0, 413.0, 283.0, 15.0, 4.0, 114.0, 6.0]",2.0,1839.0,1.0,381.0,3.0,298062.0,81757.0,5544.0,2535.0,1.0,2.0,1.0,2.0,1.0,8.8
Macau,"['4,2', '4,3', '3,7', '4,0', '4,4', '4,2', '4,3', '4,3', '4,2', '3,9', '4,3', '4,3', '4,1', '4,3', '4,3', '3,8', '3,8', '4,0', '4,2']","[491.0, 248.0, 30.0, 470.0, 23.0, 183.0, 60.0, 179.0, 164.0, 9.0, 80.0, 100.0, 43.0, 1000.0, 3.0, 8.0, 8.0, 5.0, 1000.0]",0.0,,1.0,254.0,,403490.0,145192.0,,,,,,,,
Madagascar,"['3,3', '4,4', '3,3', '4,4', '3,6', '3,9', '3,7']","[33.0, 90.0, 4.0, 16.0, 63.0, 347.0, 30.0]",0.0,1958.0,0.0,,1.0,35563.0,193526.0,,,,,,,,
Malawi,"['3.9', '4.1', '4.5', '5.0']","[51.0, 43.0, 17.0, 1.0]",0.0,1964.0,0.0,,1.0,191362.0,311052.0,,,,,,,,
Malaysia,"['4.3', '4.6', '4.7', '4.6', '4.5', '4.6', '4.5', '4.6', '4.3', '4.9', '4.6', '4.4', '4.5', '4.3', '4.5', '4.7', '4.4', '4.3', '4.1', '4.1', '4.2', '4.4', '4.1', '4.5', '4.4', '4.3', '4.7']","[12000.0, 1000.0, 4000.0, 4000.0, 233.0, 6000.0, 653.0, 4000.0, 2000.0, 450.0, 3000.0, 1000.0, 477.0, 1000.0, 612.0, 202.0, 1000.0, 274.0, 2000.0, 727.0, 4000.0, 77.0, 322.0, 1000.0, 816.0, 4000.0, 85.0]",0.0,1957.0,8.0,200.0,1.0,3476560.0,1860037.0,,,,,,,,
Maldives,"['4.1', '3.8', '3.0', '5.0']","[388.0, 4.0, 2.0, 2.0]",0.0,1965.0,0.0,,2.0,70079.0,3715.0,,,,,,,,
Mali,"['4,1', '4,0', '4,2', '3,1', '3,4', '5,0', '4,3', '4,0', '4,4', '4,1', '3,9']","[1000.0, 132.0, 161.0, 11.0, 8.0, 1.0, 3.0, 259.0, 7.0, 2000.0, 321.0]",0.0,1959.0,0.0,,2.0,485829.0,1303511.0,,,,,,,,
Malta,[],[],0.0,1964.0,0.0,,2.0,114760.0,102793.0,,,,,,,,
Marshall Islands,['4.2'],[34.0],0.0,1986.0,0.0,,,3298.0,10886.0,,,,,,,,
Mauritania,"['4.2', '3.3']","[131.0, 3.0]",0.0,1960.0,0.0,,1.0,182286.0,130226.0,,,,,,,,
Mauritius,"['4.2', '4.6', '4.3', '4.9', '4.2', '4.4', '4.8', '4.5', '4.3', '4.2', '4.5', '4.4', '4.9', '3.9', '4.3', '3.8', '4.2', '4.2', '4.2', '4.5', '4.3', '3.0', '3.8', '4.3', '4.5', '4.2']","[903.0, 60.0, 314.0, 7.0, 276.0, 3000.0, 8.0, 1000.0, 265.0, 734.0, 132.0, 22.0, 19.0, 17.0, 285.0, 19.0, 43.0, 209.0, 634.0, 722.0, 48.0, 1.0, 53.0, 4.0, 13.0, 16.0]",0.0,1968.0,0.0,,2.0,28893.0,182973.0,,,,,,,,
Mexico,"['4.8', '4.8', '4.5', '4.7', '4.8', '4.8', '4.5', '4.6', '4.5', '4.7', '4.8', '4.7', '4.8', '4.7', '4.4', '4.8', '4.7', '4.7', '4.5', '4.7', '4.6', '4.5', '4.6', '4.6', '4.5', '4.5', '4.7']","[74000.0, 22000.0, 38000.0, 14000.0, 165000.0, 9000.0, 9000.0, 15000.0, 25000.0, 8000.0, 56000.0, 15000.0, 31000.0, 13000.0, 1000.0, 76000.0, 7000.0, 20000.0, 6000.0, 8000.0, 14000.0, 4000.0, 3000.0, 6000.0, 6000.0, 6000.0, 598.0]",3.0,1821.0,2.0,138.0,2.0,1197624.0,11185737.0,,,,,,,,
Micronesia,"['4.1', '4.4', '4.6', '3.5', '5.0', '4.3', '4.3']","[7.0, 49.0, 263.0, 2.0, 1.0, 7.0, 354.0]",0.0,,0.0,,,2832.0,24945.0,,,,,,,,
Moldova,"['4,6', '4,7', '4,6', '4,9', '4,6', '4,8', '4,8', '4,8', '4,8', '4,9', '4,6', '4,7', '4,7', '4,8', '4,7', '4,6', '4,4', '4,7', '4,6', '5,0', '4,6', '4,8', '4,3', '4,5', '4,2']","[2000.0, 2000.0, 411.0, 32.0, 1000.0, 44.0, 110.0, 930.0, 183.0, 8.0, 1000.0, 4000.0, 80.0, 113.0, 1000.0, 52.0, 5.0, 1000.0, 85.0, 9.0, 34.0, 191.0, 154.0, 49.0, 35.0]",0.0,1991.0,0.0,,2.0,104438.0,1159443.0,,,,,,,,
Mongolia,"['4.4', '4.4', '4.4', '4.2', '4.3', '4.4', '4.3', '4.2', '4.5', '4.4', '4.3', '4.4', '4.4', '4.7', '4.5', '4.6', '4.2', '4.5', '4.8', '4.6', '4.8', '4.0', '1.0', '5.0']","[1000.0, 511.0, 1000.0, 590.0, 185.0, 184.0, 171.0, 41.0, 449.0, 317.0, 243.0, 25.0, 572.0, 120.0, 58.0, 72.0, 72.0, 2000.0, 12.0, 28.0, 4.0, 62.0, 1.0, 2.0]",0.0,1911.0,0.0,,2.0,21345.0,82098.0,,,,,,,,
Montenegro,"['4,6', '4,4', '4,6', '4,3', '4,7', '4,3', '4,4', '4,5', '4,6', '4,7', '4,7', '4,7', '4,3', '4,7', '4,7', '4,2', '4,6', '2,0']","[287.0, 17.0, 187.0, 469.0, 159.0, 154.0, 667.0, 320.0, 2000.0, 15.0, 224.0, 48.0, 606.0, 43.0, 2000.0, 869.0, 1000.0, 1.0]",0.0,2006.0,0.0,,1.0,70999.0,132965.0,,,,,,,,
Morocco,"['4,0', '4,3', '4,5', '4,6', '4,3', '4,5', '4,4', '4,1', '4,5', '4,6', '4,3', '4,6', '4,4', '4,3', '4,3', '4,4', '4,3', '4,2', '4,5', '4,5', '4,2', '4,2', '4,4', '4,3', '4,0', '4,5']","[1000.0, 297.0, 1000.0, 982.0, 502.0, 320.0, 823.0, 348.0, 2000.0, 45.0, 164.0, 868.0, 95.0, 4000.0, 147.0, 223.0, 1000.0, 397.0, 977.0, 333.0, 3000.0, 153.0, 1000.0, 164.0, 353.0, 247.0]",1.0,1956.0,0.0,,0.0,102358.0,3262222.0,,,,,,,,
Mozambique,"['4,4', '3,9', '4,1', '4,2', '4,5', '3,8', '5,0', '4,0', '3,7', '4,5', '3,8', '4,1']","[141.0, 498.0, 388.0, 222.0, 157.0, 86.0, 1.0, 9.0, 106.0, 155.0, 5.0, 1000.0]",0.0,1975.0,0.0,,1.0,338850.0,640160.0,,,,,,,,
Myanmar,"['4,2', '4,3', '4,6', '4,2', '4,4', '4,1', '4,8', '3,9', '3,7', '4,0', '4,0', '4,0', '4,1', '4,0', '4,0', '4,3', '3,7', '3,7', '4,3', '4,0']","[1000.0, 473.0, 175.0, 571.0, 11.0, 78.0, 15.0, 34.0, 40.0, 113.0, 35.0, 4.0, 267.0, 3.0, 127.0, 83.0, 3.0, 69.0, 3.0, 12.0]",1.0,,0.0,,1.0,76446.0,3711751.0,,,,,,,,
Namibia,"['4.1', '4.4', '4.6', '4.0', '4.5', '3.8', '4.6', '4.3', '4.1', '4.5', '4.4', '4.2', '4.3', '3.9', '3.9', '1.0', '4.0', '4.2', '4.5', '3.7', '2.4']","[570.0, 848.0, 25.0, 4.0, 265.0, 29.0, 100.0, 11.0, 43.0, 2.0, 63.0, 19.0, 56.0, 37.0, 19.0, 1.0, 11.0, 43.0, 2.0, 126.0, 5.0]",0.0,1990.0,0.0,,2.0,109391.0,47770.0,,,,,,,,
Nepal,"[4.2, 4.6, 4.6, 4.4, 4.2, 4.4, 4.2, 4.3, 4.6, 4.6, 4.3, 4.5, 4.2, 5.0, 4.2, 4.4, 4.2, 4.1, 4.3, 4.4, 4.2, 4.0, 4.2, 2.5]","[1000.0, 1000.0, 305.0, 4000.0, 745.0, 4000.0, 236.0, 580.0, 37.0, 221.0, 29.0, 2.0, 172.0, 2.0, 38.0, 63.0, 129.0, 7.0, 454.0, 160.0, 23.0, 1000.0, 33.0, 6.0]",0.0,1768.0,0.0,,2.0,487564.0,2599701.0,,,,,,,,
Netherlands,"['4,6', '4,3', '4,6', '4,5', '4,6', '4,5', '4,5', '4,7', '4,5', '4,4', '4,4', '4,3', '4,7', '4,6', '4,5', '4,6', '4,8', '4,5', '4,3', '4,5', '4,5', '4,4', '4,5', '4,5', '4,4', '4,6', '4,4']","[90000.0, 5000.0, 83000.0, 10000.0, 17000.0, 64000.0, 30000.0, 14000.0, 12000.0, 7000.0, 13000.0, 25000.0, 3000.0, 6000.0, 2000.0, 8000.0, 9000.0, 9000.0, 19000.0, 6000.0, 13000.0, 9000.0, 14000.0, 6000.0, 5000.0, 1000.0, 3000.0]",22.0,1945.0,13.0,168.0,3.0,2358333.0,970403.0,5640.0,3000.0,1.0,2.0,1.0,1.0,,6.2
New Caledonia,"['4,3', '4,4', '4,5', '3,9', '4,6', '4,5', '4,2', '4,8', '4,2']","[86.0, 668.0, 112.0, 9.0, 121.0, 4.0, 32.0, 11.0, 70.0]",0.0,,0.0,,,73141.0,5839.0,,,,,,,,
New Zealand,"['4.7', '4.7', '4.6', '4.6', '4.6', '4.6', '4.7', '4.8', '4.4', '4.7', '4.6', '4.7', '4.7', '4.5', '4.6', '4.8', '4.4', '4.7', '4.4', '4.7', '4.5', '4.8', '4.5', '4.4', '4.5', '4.6', '4.5']","[22000.0, 12000.0, 2000.0, 4000.0, 2000.0, 242.0, 1000.0, 1000.0, 3000.0, 2000.0, 447.0, 3000.0, 1000.0, 1000.0, 5000.0, 724.0, 1000.0, 698.0, 1000.0, 1000.0, 883.0, 2000.0, 1000.0, 672.0, 291.0, 406.0, 50.0]",3.0,1907.0,8.0,254.0,3.0,1381724.0,806159.0,,,2.2,2.0,2.0,,,6.4
Nicaragua,"['4.7', '4.3', '4.5', '4.1', '4.4', '3.7', '4.6', '4.5', '4.6', '4.3', '4.5', '4.3', '4.2', '4.1', '4.4', '3.5', '4.4', '4.5', '5.0', '4.8', '4.3', '4.3', '4.5', '5.0', '5.0', '4.2']","[382.0, 98.0, 876.0, 472.0, 178.0, 6.0, 1000.0, 154.0, 333.0, 107.0, 373.0, 16.0, 114.0, 221.0, 28.0, 8.0, 117.0, 263.0, 7.0, 5.0, 3.0, 43.0, 2.0, 2.0, 1.0, 5.0]",0.0,1821.0,0.0,,1.0,42167.0,718154.0,,,,,,,,
Niger,"['3,8', '3,6', '3,8']","[1000.0, 23.0, 57.0]",0.0,1958.0,0.0,,2.0,348056.0,399707.0,,,,,,,,
Nigeria,"['3.9', '3.9', '4.2', '4.0', '3.9', '4.5', '4.7', '4.9', '4.4', '3.8', '4.1', '3.8', '3.7', '4.3', '3.9', '4.5', '3.5', '4.4', '4.3', '3.8', '4.3', '4.0', '4.2', '5.0', '4.3']","[1000.0, 1000.0, 573.0, 283.0, 511.0, 13.0, 6000.0, 116.0, 383.0, 120.0, 620.0, 18.0, 39.0, 1000.0, 281.0, 142.0, 12.0, 90.0, 251.0, 627.0, 380.0, 1.0, 222.0, 3.0, 4.0]",1.0,1960.0,0.0,,2.0,1308568.0,1670455.0,,,,,,,,
North Korea,"['5.0', '4.6', '4.4']","[1.0, 1000.0, 3000.0]",0.0,1948.0,0.0,,0.0,49549.0,110377.0,,,,,,,,
North Macedonia,"['4,0', '4,1', '4,4', '4,2', '4,3', '4,4', '4,3', '4,7', '4,4', '4,6', '4,6', '4,6', '4,8', '4,7', '4,3', '5,0', '4,6', '4,3', '4,7', '4,7', '4,1']","[138.0, 1000.0, 858.0, 422.0, 96.0, 2000.0, 533.0, 66.0, 321.0, 2000.0, 3000.0, 320.0, 1000.0, 72.0, 216.0, 5.0, 320.0, 119.0, 26.0, 92.0, 235.0]",1.0,,0.0,,2.0,131311.0,693896.0,,,,,,,,
Northern Mariana Islands,['4.4'],[70.0],0.0,,0.0,,,21843.0,2741.0,,,,,,,,
Norway,"['4,6', '4,3', '4,6', '4,1', '4,6', '4,5', '4,6', '4,7', '4,4', '4,4', '4,5', '4,3', '4,6', '4,5', '4,3', '4,6', '4,4', '4,3', '4,5', '4,7', '4,4', '4,3', '4,4', '4,4', '4,2', '4,4', '4,5']","[5000.0, 11000.0, 9000.0, 2000.0, 632.0, 6000.0, 3000.0, 10000.0, 928.0, 3000.0, 1000.0, 4000.0, 3000.0, 4000.0, 448.0, 267.0, 1000.0, 511.0, 1000.0, 103.0, 445.0, 82.0, 3000.0, 12000.0, 463.0, 287.0, 1000.0]",14.0,1945.0,3.0,230.0,3.0,852238.0,191392.0,5272.0,2622.0,0.8,1.8,1.0,1.2,,7.0
Oman,"[4.6, 4.4, 4.8, 4.4, 4.4, 4.5, 4.0, 4.4, 4.2, 4.4, 4.0, 4.7, 4.2, 4.0, 4.1, 4.4, 4.1, 4.2]","[3000.0, 1000.0, 2000.0, 1000.0, 254.0, 113.0, 85.0, 414.0, 488.0, 182.0, 533.0, 210.0, 163.0, 787.0, 228.0, 124.0, 447.0, 17.0]",0.0,1605.0,1.0,454.0,0.0,2372836.0,25099.0,,,,,,,,
Pakistan,"['4.3', '4.5', '4.5', '4.6', '4.4', '4.4', '4.6', '4.5', '4.8', '4.4', '4.3', '4.3', '4.7', '4.8', '4.7', '4.3', '4.6', '4.6', '4.4', '4.1', '4.1', '4.2', '4.5', '4.4', '4.4']","[1000.0, 4000.0, 8000.0, 13000.0, 12000.0, 4000.0, 25000.0, 678.0, 371.0, 1000.0, 1000.0, 2000.0, 1000.0, 3000.0, 1000.0, 896.0, 8000.0, 1000.0, 796.0, 455.0, 84.0, 1000.0, 766.0, 230.0, 482.0]",2.0,1947.0,2.0,341.0,1.0,3276580.0,6328400.0,,,,,,,,
Palestine,"[4.3, 4.8, 4.4, 4.5, 4.3, 4.6, 4.4, 4.7, 4.7, 4.5, 4.7]","[386.0, 49.0, 132.0, 440.0, 270.0, 717.0, 36.0, 6.0, 15.0, 4.0, 7.0]",1.0,,0.0,,0.0,272784.0,4022791.0,,,,,,,,
Panama,"['4.6', '4.9', '4.6', '4.5', '4.5', '4.7', '4.7', '4.7', '4.6', '4.6', '4.5', '3.9', '4.6', '4.2', '4.9', '4.7', '4.3', '2.9', '3.0']","[2000.0, 375.0, 8000.0, 302.0, 202.0, 904.0, 327.0, 31.0, 71.0, 1000.0, 157.0, 58.0, 394.0, 34.0, 40.0, 167.0, 76.0, 12.0, 2.0]",0.0,1821.0,0.0,,2.0,313165.0,139520.0,,,,,,,,
Papua New Guinea,"['4.4', '4.1', '4.1', '3.9', '4.6']","[188.0, 13.0, 40.0, 14.0, 18.0]",0.0,1973.0,0.0,,1.0,31068.0,4810.0,,,,,,,,
Paraguay,"['4,6', '4,5', '4,3', '4,6', '4,5', '4,6', '4,3', '4,5', '4,4', '4,8', '4,6', '4,6', '4,5', '4,1', '4,7', '4,8', '3,7', '4,2', '4,8', '4,5', '4,9', '4,2', '4,4', '4,6', '4,7', '4,7', '4,5']","[1000.0, 454.0, 29.0, 262.0, 365.0, 215.0, 149.0, 182.0, 71.0, 146.0, 363.0, 78.0, 225.0, 9.0, 158.0, 19.0, 21.0, 5.0, 17.0, 14.0, 63.0, 6000.0, 94.0, 744.0, 30.0, 416.0, 116.0]",0.0,1811.0,0.0,,2.0,169567.0,896484.0,,,,,,,,
Peru,"['4.0', '4.6']","[2000.0, 75.0]",1.0,1821.0,1.0,336.0,2.0,1224519.0,1519635.0,,,,,,,,
Philippines,"['4.7', '4.7', '4.7', '4.6', '4.4', '4.4', '4.7', '4.7', '4.4', '4.6', '4.5', '4.7', '4.5', '4.5', '4.4', '4.3', '4.6', '4.4', '4.5', '4.7', '4.2', '4.7', '4.2', '5.0', '4.2', '4.5', '4.0']","[7000.0, 4000.0, 1000.0, 1000.0, 2000.0, 224.0, 182.0, 142.0, 877.0, 995.0, 3000.0, 3000.0, 594.0, 470.0, 424.0, 808.0, 221.0, 348.0, 715.0, 116.0, 717.0, 91.0, 369.0, 72.0, 188.0, 147.0, 5.0]",1.0,1935.0,1.0,404.0,1.0,225525.0,6094307.0,,,,,,,,
Poland,"['4,6', '4,6', '4,7', '4,7', '4,8', '4,7', '4,6', '4,8', '4,5', '4,7', '4,7', '4,7', '4,8', '4,8', '4,6', '4,7', '4,5', '4,3', '4,8', '4,8', '4,6', '4,8', '4,7', '4,6', '4,9', '4,6', '3,5']","[18000.0, 18000.0, 34000.0, 25000.0, 7000.0, 42000.0, 52000.0, 891.0, 7000.0, 737.0, 14000.0, 50000.0, 2000.0, 3000.0, 902.0, 20000.0, 11000.0, 901.0, 2000.0, 5000.0, 25000.0, 7000.0, 390.0, 4000.0, 2000.0, 4000.0, 149.0]",18.0,966.0,2.0,283.0,2.0,817254.0,4825096.0,2230.0,3015.0,1.2,2.0,0.8,,,9.8
Portugal,"['4,6', '4,6', '4,7', '4,5', '4,6', '4,5', '4,7', '4,4', '4,7', '4,4', '4,6', '4,7', '4,6', '4,7', '4,6', '4,3', '4,8', '4,2', '4,8', '4,8', '4,6', '4,6', '4,4', '4,5', '4,0', '4,5']","[8000.0, 6000.0, 15000.0, 6000.0, 13000.0, 11000.0, 694.0, 5000.0, 1000.0, 5000.0, 2000.0, 7000.0, 2000.0, 2000.0, 2000.0, 21000.0, 6000.0, 7000.0, 1000.0, 103.0, 2000.0, 880.0, 4000.0, 3000.0, 1000.0, 17000.0]",2.0,1139.0,5.0,323.0,3.0,1001963.0,2081419.0,5245.0,2455.0,2.2,0.6,2.0,,,10.2
Puerto Rico,"['4.7', '4.6', '4.6', '4.6', '4.7', '4.5', '4.5', '4.7', '4.8', '4.7', '4.7', '4.7', '4.6', '4.6', '4.6', '4.7', '4.7', '4.6', '4.7', '4.5', '4.5', '4.6', '4.7', '4.7', '4.4', '4.6']","[2000.0, 559.0, 765.0, 559.0, 2000.0, 300.0, 383.0, 1000.0, 118.0, 48.0, 126.0, 186.0, 3000.0, 1000.0, 241.0, 163.0, 162.0, 51.0, 165.0, 55.0, 137.0, 196.0, 5000.0, 100.0, 234.0, 1000.0]",0.0,,0.0,,,247132.0,1850529.0,,,,,,,,
Qatar,"[4.7, 4.7, 4.3, 4.6, 4.8, 4.6, 4.4, 4.6, 4.5, 4.8, 4.2, 4.4, 4.5, 4.7, 4.7, 4.3, 4.3, 4.2, 3.5, 4.3]","[15000.0, 13000.0, 698.0, 200.0, 1000.0, 1000.0, 1000.0, 1000.0, 423.0, 327.0, 114.0, 881.0, 1000.0, 77.0, 6.0, 54.0, 229.0, 13.0, 13.0, 6.0]",0.0,1971.0,2.0,242.0,0.0,2226192.0,25705.0,,,,,,,,
Republic of the Congo,"['4,1', '4,6', '4,3']","[230.0, 38.0, 87.0]",0.0,,0.0,,,387606.0,223767.0,,,,,,,,
Romania,"['4,4', '4,6', '4,7', '4,6', '4,4', '4,6', '4,7', '4,6', '4,8', '4,7', '4,8', '4,9', '5,0', '4,9', '4,4', '4,8', '4,5', '4,4', '4,9', '4,5', '4,4', '4,7', '4,8', '4,5', '4,9', '4,7']","[6000.0, 8000.0, 18000.0, 10000.0, 6000.0, 5000.0, 389.0, 2000.0, 14000.0, 11000.0, 12000.0, 57.0, 350.0, 743.0, 3000.0, 3000.0, 484.0, 1000.0, 3000.0, 20000.0, 91000.0, 964.0, 719.0, 2000.0, 538.0, 1000.0]",4.0,1877.0,0.0,,2.0,705310.0,3987093.0,3600.0,4002.0,1.0,2.2,1.0,1.6,,11.0
Russia,"['4,8', '4,8', '4,8', '4,8', '4,7', '4,8', '4,8', '4,8', '4,5', '4,6', '4,7', '4,8', '4,8', '4,7', '4,9', '4,4', '4,8', '4,8', '4,8', '4,7', '4,8', '4,8', '4,9', '4,8', '4,7', '4,8', '4,8']","[16000.0, 58000.0, 30000.0, 17000.0, 7000.0, 55000.0, 17000.0, 14000.0, 2000.0, 2000.0, 14000.0, 59000.0, 3000.0, 17000.0, 54000.0, 4000.0, 49000.0, 80000.0, 45000.0, 12000.0, 28000.0, 11000.0, 48000.0, 24000.0, 13000.0, 11000.0, 7000.0]",30.0,1480.0,11.0,368.0,1.0,11636911.0,10756697.0,,,,,,,,
Rwanda,"['4,4']",[577.0],0.0,1962.0,0.0,,1.0,513907.0,492489.0,,,,,,,,
Saint Kitts and Nevis,"['4.4', '4.6', '4.8', '4.6', '3.5']","[110.0, 64.0, 151.0, 21.0, 6.0]",0.0,,0.0,,,7725.0,50285.0,,,,,,,,
Saint Lucia,"['4.0', '4.2', '5.0', '4.6', '4.0', '4.2', '4.7', '4.2', '4.8', '4.5', '4.0', '5.0', '4.7', '5.0', '4.0', '5.0']","[6.0, 14.0, 1.0, 13.0, 26.0, 47.0, 3.0, 144.0, 10.0, 2.0, 2.0, 2.0, 9.0, 5.0, 1.0, 1.0]",2.0,,0.0,,,8338.0,71227.0,,,,,,,,
Saint Vincent and the Grenadines,"['4.8', '3.9']","[19.0, 154.0]",0.0,,0.0,,,,,,,,,,,,
Samoa,"['3.7', '4.7']","[32.0, 107.0]",0.0,1962.0,0.0,,,4021.0,135732.0,,,,,,,,
Sao Tome and Principe,"['3,9', '4,2', '3,0', '4,1', '4,3']","[7.0, 138.0, 1.0, 74.0, 171.0]",0.0,1975.0,0.0,,2.0,2139.0,39608.0,,,,,,,,
Saudi Arabia,"[4.5, 4.6, 4.4, 4.5, 4.6, 4.3, 4.5, 4.4, 4.6, 4.4, 4.4, 4.1, 4.5, 4.5, 4.2, 4.5, 4.3, 4.3, 4.2, 4.6, 4.2, 4.8, 4.3, 4.2, 4.3, 4.4]","[14000.0, 4000.0, 1000.0, 4000.0, 5000.0, 6000.0, 1000.0, 1000.0, 1000.0, 1000.0, 217.0, 300.0, 201.0, 502.0, 67.0, 1000.0, 481.0, 1000.0, 125.0, 1000.0, 10000.0, 5.0, 2000.0, 102.0, 1000.0, 7000.0]",0.0,1927.0,3.0,175.0,0.0,13454842.0,299268.0,,,,,,,,
Senegal,"['3,9', '4,4', '4,3', '4,4', '4,3', '5,0', '4,0', '4,9', '3,9', '4,2', '4,2', '4,5', '4,3', '5,0', '4,8', '4,2', '4,3']","[391.0, 2000.0, 57.0, 1000.0, 88.0, 2.0, 60.0, 85.0, 55.0, 480.0, 93.0, 135.0, 177.0, 1.0, 18.0, 51.0, 7.0]",0.0,1959.0,0.0,,2.0,274929.0,693765.0,,,,,,,,
Serbia,"['4,7', '4,5', '4,6', '4,5', '4,7', '4,3', '4,7', '4,6', '4,6', '4,5', '4,7', '4,6', '4,7', '4,6', '4,5', '4,7', '4,7', '4,7', '4,8', '4,6', '4,7', '4,7', '4,3', '4,6', '4,4', '4,5', '4,5']","[6000.0, 1000.0, 374.0, 2000.0, 1000.0, 14000.0, 2000.0, 3000.0, 1000.0, 6000.0, 494.0, 3000.0, 89.0, 268.0, 259.0, 188.0, 138.0, 79.0, 346.0, 943.0, 512.0, 1000.0, 48.0, 459.0, 1000.0, 439.0, 1000.0]",0.0,1945.0,0.0,,1.0,823011.0,1003962.0,,,,,,,,
Seychelles,"['4,4', '4,3', '4,6']","[107.0, 115.0, 7.0]",0.0,1976.0,0.0,,3.0,13050.0,29258.0,,,,,,,,
Sierra Leone,"['4.1', '4.1', '3.9']","[51.0, 63.0, 27.0]",0.0,1961.0,0.0,,2.0,53746.0,152486.0,,,,,,,,
Singapore,"['5.0', '4.6', '4.5', '4.6', '4.6', '4.5', '4.4', '4.6', '4.6', '4.4', '4.5', '4.4', '4.7', '4.5', '4.8', '4.4', '4.6', '4.5', '4.0', '4.4', '4.5', '4.6', '3.9', '4.9', '4.4', '4.4', '4.4', '4.3']","[5.0, 13000.0, 14000.0, 14000.0, 5000.0, 1000.0, 1000.0, 2000.0, 580.0, 6000.0, 654.0, 5000.0, 5000.0, 4000.0, 428.0, 526.0, 2000.0, 1000.0, 3000.0, 9000.0, 527.0, 291.0, 28.0, 900.0, 821.0, 1000.0, 2000.0, 1000.0]",0.0,1959.0,3.0,154.0,1.0,2523648.0,348464.0,,,,,,,,
Slovakia,"['4,4', '4,5', '4,3', '4,5', '4,8', '4,6', '4,2', '4,6', '4,6', '4,6', '4,9', '4,8', '4,8', '4,7', '4,2', '4,5', '4,5', '4,6', '4,4', '4,6', '4,5', '4,7', '4,5', '4,7', '4,7', '4,5', '4,6']","[1000.0, 1000.0, 196.0, 1000.0, 3000.0, 381.0, 284.0, 298.0, 676.0, 2000.0, 1000.0, 4000.0, 290.0, 1000.0, 1000.0, 531.0, 857.0, 475.0, 207.0, 1000.0, 464.0, 156.0, 111.0, 689.0, 334.0, 1000.0, 994.0]",0.0,1993.0,0.0,,3.0,197161.0,419651.0,2707.0,4117.0,2.2,1.0,0.8,,,9.0
Slovenia,"['4,5', '4,6', '4,5', '4,6', '4,7', '4,6', '4,7', '4,7', '4,7', '4,5', '4,4', '4,8', '4,7', '4,8', '4,6', '4,6', '4,2', '4,4', '4,4', '4,7', '4,7', '4,1', '4,9', '4,7', '4,4', '4,7', '4,6']","[1000.0, 184.0, 787.0, 1000.0, 2000.0, 818.0, 2000.0, 786.0, 303.0, 726.0, 822.0, 3000.0, 795.0, 97.0, 135.0, 216.0, 46.0, 116.0, 479.0, 183.0, 1000.0, 109.0, 115.0, 672.0, 509.0, 439.0, 1000.0]",1.0,1991.0,0.0,,3.0,277964.0,160197.0,4091.0,2298.0,1.0,1.2,1.0,0.8,,9.8
Solomon Islands,['4.0'],[29.0],0.0,1976.0,0.0,,2.0,2520.0,4270.0,,,,,,,,
Somalia,[],[],0.0,1960.0,0.0,,0.0,58590.0,2034221.0,,,,,,,,
South Africa,"['4,5', '4,6', '4,4', '4,4', '4,4', '4,5', '4,6', '4,7', '4,6', '4,5', '4,6', '4,4', '4,8', '4,1', '4,7', '4,7', '4,5', '4,3', '4,5', '4,7', '4,9', '4,4', '4,3', '4,4', '4,6', '4,1']","[809.0, 5000.0, 822.0, 3000.0, 2000.0, 5000.0, 1000.0, 530.0, 398.0, 5000.0, 646.0, 238.0, 518.0, 596.0, 462.0, 200.0, 2000.0, 1000.0, 755.0, 548.0, 58.0, 529.0, 1000.0, 247.0, 203.0, 310.0]",11.0,1910.0,5.0,270.0,2.0,2860495.0,914901.0,,,,,,,,
South Korea,"['4.7', '4.5', '4.6', '4.5', '4.6', '4.5', '4.6', '4.2', '4.7', '4.6', '4.5', '4.7', '4.4', '4.5', '4.6', '4.5', '4.3', '4.5', '4.6', '4.3', '4.4', '4.2', '4.7', '4.2', '4.1', '3.9', '4.8']","[2000.0, 4000.0, 2000.0, 2000.0, 1000.0, 6000.0, 1000.0, 1000.0, 861.0, 7000.0, 469.0, 309.0, 328.0, 1000.0, 1000.0, 5000.0, 2000.0, 3000.0, 9000.0, 1000.0, 1000.0, 2000.0, 182.0, 2000.0, 2000.0, 2000.0, 4.0]",1.0,1948.0,14.0,237.0,3.0,1728182.0,2204554.0,,,,,,,,
South Sudan,"['3.3', '4.7', '5.0', '5.0', '5.0', '3.7', '4.7', '4.3', '4.1', '3.3', '4.2']","[4.0, 3.0, 1.0, 3.0, 1.0, 6.0, 6.0, 8.0, 41.0, 3.0, 270.0]",0.0,2011.0,0.0,,0.0,882252.0,2575870.0,,,,,,,,
Spain,"['4,5', '4,7', '4,7', '4,5', '4,7', '4,4', '4,6', '4,7', '4,3', '4,7', '4,7', '4,5', '4,5', '4,6', '4,6', '4,5', '4,7', '4,7', '4,6', '4,3', '4,6', '4,4', '4,9', '4,7', '4,7', '4,4', '4,6']","[56000.0, 22000.0, 120000.0, 76000.0, 39000.0, 29000.0, 41000.0, 130000.0, 26000.0, 30000.0, 19000.0, 12000.0, 12000.0, 13000.0, 15000.0, 19000.0, 38000.0, 6000.0, 7000.0, 4000.0, 1000.0, 5000.0, 1000.0, 52000.0, 5000.0, 7000.0, 5000.0]",8.0,1479.0,14.0,327.0,3.0,6842202.0,1489823.0,4754.0,3171.0,2.0,1.2,,,,10.6
Sri Lanka,"['4.4', '4.3', '4.2', '4.3', '4.5', '4.3', '4.4', '4.6', '4.4', '4.7', '4.5', '4.6', '3.8', '4.4', '4.2', '4.3', '4.6', '4.8', '4.4', '4.7', '4.6', '4.9', '4.3', '4.1', '4.2']","[4000.0, 636.0, 849.0, 157.0, 418.0, 902.0, 489.0, 195.0, 129.0, 1000.0, 341.0, 284.0, 13.0, 89.0, 136.0, 237.0, 28.0, 161.0, 210.0, 1000.0, 125.0, 46.0, 249.0, 380.0, 245.0]",0.0,1948.0,0.0,,2.0,40254.0,1960025.0,,,,,,,,
Sudan,"['4.3', '4.3', '4.4', '4.1', '4.2', '4.1', '4.0']","[106.0, 163.0, 16.0, 41.0, 270.0, 54.0, 3.0]",0.0,1956.0,0.0,,0.0,1379147.0,2104887.0,,,,,,,,
Suriname,"['4,3', '4,3', '4,4', '5,0', '3,6', '4,5', '5,0', '4,5', '4,1', '2,0', '4,3']","[30.0, 370.0, 49.0, 7.0, 20.0, 20.0, 1.0, 38.0, 14.0, 3.0, 4.0]",0.0,,0.0,,2.0,47801.0,273209.0,,,,,,,,
Sweden,"['4,6', '4,7', '4,4', '4,5', '4,3', '4,5', '4,3', '4,5', '4,6', '4,5', '4,2', '4,5', '4,4', '4,5', '4,6', '4,6', '4,3', '4,6', '4,7', '4,3', '4,3', '4,3', '4,4', '4,6', '4,5', '4,5', '4,5']","[6000.0, 52000.0, 6000.0, 14000.0, 9000.0, 2000.0, 1000.0, 29000.0, 3000.0, 2000.0, 6000.0, 2000.0, 17000.0, 38000.0, 4000.0, 5000.0, 13000.0, 2000.0, 5000.0, 5000.0, 2000.0, 7000.0, 2000.0, 2000.0, 403.0, 4000.0, 7000.0]",34.0,1523.0,8.0,179.0,3.0,2003908.0,327581.0,4283.0,2607.0,1.0,2.4,1.0,1.2,,8.0
Switzerland,"['4.4', '4.5', '4.6', '4.5', '4.6', '4.7', '4.6', '4.6', '4.6', '4.5', '4.5', '4.2', '4.5', '4.3', '4.5', '4.6', '4.5', '4.7', '4.6', '4.6', '4.6', '4.7', '4.5', '4.7', '4.6', '4.7', '4.7']","[2079.0, 7897.0, 6351.0, 2228.0, 3910.0, 1203.0, 8293.0, 5190.0, 11000.0, 1084.0, 1110.0, 191.0, 389.0, 4051.0, 2161.0, 756.0, 3152.0, 7368.0, 871.0, 2803.0, 309.0, 8121.0, 2333.0, 3345.0, 3652.0, 1354.0, 5806.0]",25.0,,9.0,166.0,3.0,2491249.0,713623.0,4792.0,2889.0,1.0,1.2,1.0,1.2,,4.0
Syria,"['4.5', '4.3', '4.4', '4.6', '4.7', '4.3', '4.2', '4.4', '4.3', '4.6', '5.0', '4.4', '3.7', '4.6', '3.9', '4.5', '4.5', '4.0']","[362.0, 64.0, 46.0, 122.0, 438.0, 41.0, 35.0, 71.0, 39.0, 178.0, 4.0, 9.0, 3.0, 43.0, 37.0, 111.0, 214.0, 8.0]",0.0,1961.0,0.0,,0.0,868711.0,8457214.0,,,,,,,,
Taiwan,"['4.5', '4.5', '4.4', '4.2', '4.4', '4.6', '4.4', '4.4', '4.5', '4.6', '4.7', '4.4', '4.6', '4.5', '4.8', '4.6', '4.6', '4.5', '4.2', '4.4', '4.6', '4.5', '4.6', '4.4', '4.5', '4.2', '4.3']","[9095.0, 4000.0, 5146.0, 627.0, 8490.0, 2470.0, 6159.0, 9754.0, 2000.0, 4000.0, 5000.0, 1000.0, 4757.0, 9924.0, 109.0, 3000.0, 8046.0, 9769.0, 3000.0, 1000.0, 2285.0, 5992.0, 2000.0, 8948.0, 3130.0, 2267.0, 767.0]",1.0,1949.0,7.0,285.0,3.0,,,,,,,,,,
Tajikistan,[],[],0.0,,0.0,,1.0,276031.0,586851.0,,,,,,,,
Tanzania,"['4.3', '4.2', '4.3', '4.4', '4.7', '4.2', '4.3', '4.2', '4.0', '4.1', '4.6', '4.8', '4.7', '4.5', '4.4', '4.6', '4.2', '4.1', '4.0', '3.5']","[1000.0, 53.0, 286.0, 2000.0, 27.0, 118.0, 111.0, 138.0, 468.0, 125.0, 172.0, 12.0, 30.0, 568.0, 7.0, 20.0, 1000.0, 280.0, 343.0, 272.0]",1.0,1961.0,0.0,,1.0,426017.0,327863.0,,,,,,,,
Thailand,"['4.5', '4.3', '4.6', '4.5', '4.6', '4.6', '4.5', '4.5', '4.6', '4.5', '4.4', '4.6', '4.6', '4.5', '4.6', '4.8', '4.7', '4.3', '4.7', '4.4', '4.4', '4.6', '4.2', '4.1', '4.5', '4.1', '3.9']","[6000.0, 376.0, 397.0, 1000.0, 6000.0, 2000.0, 825.0, 236.0, 2000.0, 117.0, 12000.0, 437.0, 119.0, 2000.0, 4000.0, 1000.0, 4000.0, 1000.0, 111.0, 9000.0, 857.0, 1000.0, 339.0, 851.0, 8000.0, 342.0, 217.0]",0.0,1776.0,2.0,296.0,0.0,3632496.0,1086985.0,,,,,,,,
Togo,"['3,8', '4,0', '4,0', '2,8', '2,9', '3,2', '2,9', '3,9', '3,4', '3,6', '3,5', '4,7', '4,2', '2,5', '5,0', '4,5', '4,4', '4,0', '3,9']","[709.0, 121.0, 2.0, 22.0, 11.0, 5.0, 16.0, 35.0, 5.0, 7.0, 47.0, 3.0, 25.0, 2.0, 2.0, 62.0, 12.0, 2.0, 172.0]",0.0,1958.0,0.0,,1.0,279936.0,545409.0,,,,,,,,
Tonga,['3.8'],[12.0],0.0,1970.0,0.0,,,3742.0,74550.0,,,,,,,,
Tunisia,[],[],2.0,1956.0,0.0,,2.0,60145.0,902268.0,,,,,,,,
Turkey,[],[],2.0,,3.0,390.0,1.0,6052652.0,3411408.0,2880.0,3371.0,1.0,2.0,1.0,,,12.0
Turkmenistan,[],[],0.0,1991.0,0.0,,1.0,194920.0,242554.0,,,,,,,,
Turks and Caicos Islands,"['4.4', '4.6', '5.0', '3.8', '4.6']","[187.0, 36.0, 4.0, 9.0, 7.0]",0.0,,0.0,,,25748.0,2689.0,,,,,,,,
Uganda,"['4.1', '4.6', '4.1', '4.7', '4.4']","[2000.0, 10.0, 921.0, 66.0, 38.0]",0.0,1962.0,0.0,,1.0,1720313.0,781440.0,,,,,,,,
Ukraine,"['4,6', '4,6', '4,7', '4,5', '4,8', '4,7', '4,8', '4,3', '4,6', '4,4', '4,4', '4,7', '4,9', '4,7', '4,6', '4,7', '4,8', '5,0', '4,7', '4,6', '4,7', '4,6', '4,6', '4,6', '4,7', '4,7', '4,7']","[2000.0, 2000.0, 25000.0, 296.0, 3000.0, 344.0, 2000.0, 81.0, 3000.0, 1000.0, 3000.0, 2000.0, 669.0, 12000.0, 1000.0, 7000.0, 1000.0, 386.0, 1000.0, 4000.0, 4000.0, 2000.0, 4000.0, 384.0, 1000.0, 8000.0, 17000.0]",4.0,1991.0,0.0,,1.0,4997387.0,6139144.0,,,,,,,,
United Arab Emirates,"['4.6', '4.6', '4.5', '4.5', '4.6', '4.5', '4.6', '4.5', '4.6', '4.5', '4.4', '4.3', '4.2', '4.5', '4.4', '4.5', '4.6', '4.5', '5.0', '4.4', '4.7', '4.5', '4.6', '4.6', '4.3', '4.2', '4.5']","[2000.0, 28000.0, 27000.0, 2000.0, 4000.0, 913.0, 333.0, 1000.0, 1000.0, 1000.0, 1000.0, 925.0, 3000.0, 1000.0, 1000.0, 1000.0, 956.0, 1000.0, 198.0, 2000.0, 5000.0, 452.0, 130.0, 158.0, 14000.0, 566.0, 271.0]",0.0,1971.0,4.0,337.0,0.0,8716332.0,203214.0,,,,,,,,
United Kingdom,"['4.7', '4.7', '4.7', '4.7', '4.7', '4.7', '4.5', '4.6', '4.8', '4.6', '4.7', '4.5', '4.8', '4.8', '4.6', '4.8', '4.8', '4.7', '4.7', '4.4', '4.7', '4.2', '4.5', '4.9', '4.6', '4.8', '4.7']","[147000.0, 25000.0, 47000.0, 55000.0, 8000.0, 26000.0, 32000.0, 31000.0, 45000.0, 13000.0, 19000.0, 65000.0, 13000.0, 3000.0, 5000.0, 8000.0, 5000.0, 7000.0, 10000.0, 71000.0, 17000.0, 1000.0, 4000.0, 1000.0, 13000.0, 22000.0, 15000.0]",137.0,1707.0,49.0,199.0,3.0,9359587.0,4732510.0,,,,,,,,
United States,"['4.3', '4.5', '4.8', '4.8', '4.8', '4.8', '4.8', '4.8', '4.8', '4.8', '4.6', '4.6', '4.7', '4.8', '4.6', '4.6', '4.7', '4.8', '4.8', '4.5', '4.6', '4.8', '4.7', '4.8', '4.6', '4.9', '4.8']","[373.0, 19000.0, 46000.0, 30000.0, 32000.0, 16000.0, 80000.0, 26000.0, 76000.0, 25000.0, 41000.0, 50000.0, 24000.0, 44000.0, 16000.0, 4000.0, 20000.0, 21000.0, 9000.0, 12000.0, 8000.0, 7000.0, 13000.0, 13000.0, 57000.0, 3000.0, 15000.0]",411.0,,82.0,214.0,3.0,50632836.0,2996223.0,5841.0,3068.0,,,,,,
Uruguay,"['4,5', '4,5', '4,6', '4,3', '4,6', '4,4', '4,5', '4,3', '4,8', '4,3', '4,6', '4,7', '4,6', '4,7', '4,7', '4,4', '4,7', '4,5', '4,6', '4,6', '4,8', '4,6', '4,3', '4,8', '4,4', '4,5', '4,3']","[2000.0, 2000.0, 5000.0, 1000.0, 558.0, 1000.0, 7000.0, 721.0, 2000.0, 112.0, 711.0, 1000.0, 559.0, 1000.0, 114.0, 2000.0, 1000.0, 3000.0, 309.0, 2000.0, 299.0, 960.0, 263.0, 4000.0, 1000.0, 385.0, 91.0]",0.0,1825.0,0.0,,3.0,108267.0,367060.0,,,,,,,,
Uzbekistan,"['4,1', '4,5', '4,4', '4,5', '4,1', '4,6', '4,4', '4,3', '4,3', '4,4', '4,8', '4,8', '4,5', '4,0', '4,4', '4,5', '4,9', '4,7', '4,0', '4,7', '4,5', '4,6', '4,3', '4,5']","[503.0, 722.0, 48.0, 1000.0, 431.0, 213.0, 229.0, 84.0, 208.0, 13.0, 23.0, 6.0, 15.0, 43.0, 12.0, 69.0, 9.0, 521.0, 12.0, 32.0, 21.0, 14.0, 262.0, 60.0]",0.0,1991.0,0.0,,1.0,1162007.0,2027823.0,,,,,,,,
Vanuatu,"['4.0', '4.5']","[145.0, 26.0]",0.0,1980.0,0.0,,2.0,3257.0,7246.0,,,,,,,,
Venezuela,"['4,2', '4,5', '4,4', '4,3', '4,7', '4,2', '4,3', '4,4', '4,5', '4,5', '4,6', '4,6', '3,8', '3,6', '4,4', '4,1', '4,3', '4,2', '3,7', '4,2', '4,6', '5,0', '4,0', '4,5', '4,4', '4,7', '4,5']","[620.0, 266.0, 243.0, 805.0, 13.0, 314.0, 699.0, 120.0, 754.0, 515.0, 132.0, 38.0, 1000.0, 14.0, 73.0, 568.0, 643.0, 1000.0, 91.0, 24.0, 1000.0, 19.0, 6.0, 82.0, 248.0, 19.0, 758.0]",1.0,1811.0,0.0,,1.0,1324193.0,5415337.0,,,,,,,,
Vietnam,[],[],1.0,1945.0,0.0,,0.0,76767.0,3392025.0,,,,,,,,
Yemen,"['4.4', '4.4', '4.2', '5.0', '5.0', '4.8', '4.0', '5.0', '3.0', '4.3', '3.8', '5.0', '5.0', '5.0', '1.0', '5.0', '4.0', '4.0', '3.7', '5.0']","[244.0, 222.0, 147.0, 2.0, 6.0, 5.0, 7.0, 4.0, 2.0, 11.0, 4.0, 6.0, 2.0, 3.0, 1.0, 1.0, 161.0, 127.0, 9.0, 1.0]",1.0,1990.0,0.0,,0.0,387113.0,1301166.0,,,,,,,,
Zambia,"['4.3', '4.2', '3.7', '4.3', '3.8', '3.9', '3.6', '4.0']","[371.0, 1000.0, 230.0, 94.0, 155.0, 442.0, 12.0, 2.0]",0.0,1964.0,0.0,,1.0,187955.0,200700.0,,,,,,,,
Zimbabwe,"['3.8', '4.1', '4.3', '3.8', '4.1', '4.0', '4.3', '4.7', '3.8', '4.8', '4.0', '4.0', '2.7', '3.5', '3.6', '2.5', '3.4']","[483.0, 38.0, 391.0, 319.0, 311.0, 786.0, 56.0, 15.0, 79.0, 4.0, 23.0, 1.0, 3.0, 197.0, 16.0, 2.0, 16.0]",0.0,1965.0,0.0,,1.0,416141.0,1243314.0,,,,,,,,
